name,ticker,country,benchmark_index,ISO_alpha3_codes
Maruha Nichiro Corp,1333.T,JAPAN,NIKKEI 225,JPN
Inpex Corp,1605.T,JAPAN,NIKKEI 225,JPN
COMSYS Holdings Corp,1721.T,JAPAN,NIKKEI 225,JPN
Taisei Corp,1801.T,JAPAN,NIKKEI 225,JPN
Obayashi Corp,1802.T,JAPAN,NIKKEI 225,JPN
Shimizu Corp,1803.T,JAPAN,NIKKEI 225,JPN
Haseko Corp,1808.T,JAPAN,NIKKEI 225,JPN
Kajima Corp,1812.T,JAPAN,NIKKEI 225,JPN
Daiwa House Industry Co Ltd,1925.T,JAPAN,NIKKEI 225,JPN
Sekisui House Ltd,1928.T,JAPAN,NIKKEI 225,JPN
JGC Holdings Corp,1963.T,JAPAN,NIKKEI 225,JPN
Nisshin Seifun Group Inc,2002.T,JAPAN,NIKKEI 225,JPN
MEIJI Holdings Co Ltd,2269.T,JAPAN,NIKKEI 225,JPN
NH Foods Ltd,2282.T,JAPAN,NIKKEI 225,JPN
M3 Inc,2413.T,JAPAN,NIKKEI 225,JPN
DeNA Co Ltd,2432.T,JAPAN,NIKKEI 225,JPN
Sapporo Holdings Ltd,2501.T,JAPAN,NIKKEI 225,JPN
Asahi Group Holdings Ltd,2502.T,JAPAN,NIKKEI 225,JPN
Kirin Holdings Co Ltd,2503.T,JAPAN,NIKKEI 225,JPN
Takara Holdings Inc,2531.T,JAPAN,NIKKEI 225,JPN
Sojitz Corp,2768.T,JAPAN,NIKKEI 225,JPN
Kikkoman Corp,2801.T,JAPAN,NIKKEI 225,JPN
Ajinomoto Co Inc,2802.T,JAPAN,NIKKEI 225,JPN
Nichirei Corp,2871.T,JAPAN,NIKKEI 225,JPN
Japan Tobacco Inc,2914.T,JAPAN,NIKKEI 225,JPN
J Front Retailing Co Ltd,3086.T,JAPAN,NIKKEI 225,JPN
Isetan Mitsukoshi Holdings Ltd,3099.T,JAPAN,NIKKEI 225,JPN
Toyobo Co Ltd,3101.T,JAPAN,NIKKEI 225,JPN
Unitika Ltd,3103.T,JAPAN,NIKKEI 225,JPN
Nisshinbo Holdings Inc,3105.T,JAPAN,NIKKEI 225,JPN
Tokyu Fudosan Holdings Corp,3289.T,JAPAN,NIKKEI 225,JPN
Seven & i Holdings Co Ltd,3382.T,JAPAN,NIKKEI 225,JPN
Teijin Ltd,3401.T,JAPAN,NIKKEI 225,JPN
Toray Industries Inc,3402.T,JAPAN,NIKKEI 225,JPN
Kuraray Co Ltd,3405.T,JAPAN,NIKKEI 225,JPN
Asahi Kasei Corp,3407.T,JAPAN,NIKKEI 225,JPN
SUMCO Corp,3436.T,JAPAN,NIKKEI 225,JPN
Oji Holdings Corp,3861.T,JAPAN,NIKKEI 225,JPN
Nippon Paper Industries Co Ltd,3863.T,JAPAN,NIKKEI 225,JPN
4004.T,4004.T,JAPAN,NIKKEI 225,JPN
Sumitomo Chemical Co Ltd,4005.T,JAPAN,NIKKEI 225,JPN
Nissan Chemical Corp,4021.T,JAPAN,NIKKEI 225,JPN
Tosoh Corp,4042.T,JAPAN,NIKKEI 225,JPN
Tokuyama Corp,4043.T,JAPAN,NIKKEI 225,JPN
Denka Co Ltd,4061.T,JAPAN,NIKKEI 225,JPN
Shin-Etsu Chemical Co Ltd,4063.T,JAPAN,NIKKEI 225,JPN
Kyowa Kirin Co Ltd,4151.T,JAPAN,NIKKEI 225,JPN
Mitsui Chemicals Inc,4183.T,JAPAN,NIKKEI 225,JPN
Mitsubishi Chemical Holdings Corp,4188.T,JAPAN,NIKKEI 225,JPN
Ube Industries Ltd,4208.T,JAPAN,NIKKEI 225,JPN
Nippon Kayaku Co Ltd,4272.T,JAPAN,NIKKEI 225,JPN
Dentsu Group Inc,4324.T,JAPAN,NIKKEI 225,JPN
Kao Corp,4452.T,JAPAN,NIKKEI 225,JPN
Takeda Pharmaceutical Co Ltd,4502.T,JAPAN,NIKKEI 225,JPN
Astellas Pharma Inc,4503.T,JAPAN,NIKKEI 225,JPN
Sumitomo Dainippon Pharma Co Ltd,4506.T,JAPAN,NIKKEI 225,JPN
Shionogi & Co Ltd,4507.T,JAPAN,NIKKEI 225,JPN
Chugai Pharmaceutical Co Ltd,4519.T,JAPAN,NIKKEI 225,JPN
Eisai Co Ltd,4523.T,JAPAN,NIKKEI 225,JPN
Terumo Corp,4543.T,JAPAN,NIKKEI 225,JPN
Daiichi Sankyo Co Ltd,4568.T,JAPAN,NIKKEI 225,JPN
Otsuka Holdings Co Ltd,4578.T,JAPAN,NIKKEI 225,JPN
DIC Corp,4631.T,JAPAN,NIKKEI 225,JPN
Z Holdings Corp,4689.T,JAPAN,NIKKEI 225,JPN
Trend Micro Inc/Japan,4704.T,JAPAN,NIKKEI 225,JPN
CyberAgent Inc,4751.T,JAPAN,NIKKEI 225,JPN
Rakuten Inc,4755.T,JAPAN,NIKKEI 225,JPN
FUJIFILM Holdings Corp,4901.T,JAPAN,NIKKEI 225,JPN
Konica Minolta Inc,4902.T,JAPAN,NIKKEI 225,JPN
Shiseido Co Ltd,4911.T,JAPAN,NIKKEI 225,JPN
Idemitsu Kosan Co Ltd,5019.T,JAPAN,NIKKEI 225,JPN
JXTG Holdings Inc,5020.T,JAPAN,NIKKEI 225,JPN
Yokohama Rubber Co Ltd/The,5101.T,JAPAN,NIKKEI 225,JPN
Bridgestone Corp,5108.T,JAPAN,NIKKEI 225,JPN
AGC Inc/Japan,5201.T,JAPAN,NIKKEI 225,JPN
Nippon Sheet Glass Co Ltd,5202.T,JAPAN,NIKKEI 225,JPN
Nippon Electric Glass Co Ltd,5214.T,JAPAN,NIKKEI 225,JPN
Sumitomo Osaka Cement Co Ltd,5232.T,JAPAN,NIKKEI 225,JPN
Taiheiyo Cement Corp,5233.T,JAPAN,NIKKEI 225,JPN
Tokai Carbon Co Ltd,5301.T,JAPAN,NIKKEI 225,JPN
TOTO Ltd,5332.T,JAPAN,NIKKEI 225,JPN
NGK Insulators Ltd,5333.T,JAPAN,NIKKEI 225,JPN
Nippon Steel Corp,5401.T,JAPAN,NIKKEI 225,JPN
Kobe Steel Ltd,5406.T,JAPAN,NIKKEI 225,JPN
JFE Holdings Inc,5411.T,JAPAN,NIKKEI 225,JPN
Pacific Metals Co Ltd,5541.T,JAPAN,NIKKEI 225,JPN
Japan Steel Works Ltd/The,5631.T,JAPAN,NIKKEI 225,JPN
Nippon Light Metal Holdings Co Ltd,5703.T,JAPAN,NIKKEI 225,JPN
Mitsui Mining & Smelting Co Ltd,5706.T,JAPAN,NIKKEI 225,JPN
Toho Zinc Co Ltd,5707.T,JAPAN,NIKKEI 225,JPN
Mitsubishi Materials Corp,5711.T,JAPAN,NIKKEI 225,JPN
Sumitomo Metal Mining Co Ltd,5713.T,JAPAN,NIKKEI 225,JPN
Dowa Holdings Co Ltd,5714.T,JAPAN,NIKKEI 225,JPN
Furukawa Electric Co Ltd,5801.T,JAPAN,NIKKEI 225,JPN
Sumitomo Electric Industries Ltd,5802.T,JAPAN,NIKKEI 225,JPN
Fujikura Ltd,5803.T,JAPAN,NIKKEI 225,JPN
Toyo Seikan Group Holdings Ltd,5901.T,JAPAN,NIKKEI 225,JPN
Recruit Holdings Co Ltd,6098.T,JAPAN,NIKKEI 225,JPN
OKUMA Corp,6103.T,JAPAN,NIKKEI 225,JPN
Amada Holdings Co Ltd,6113.T,JAPAN,NIKKEI 225,JPN
Japan Post Holdings Co Ltd,6178.T,JAPAN,NIKKEI 225,JPN
Komatsu Ltd,6301.T,JAPAN,NIKKEI 225,JPN
Sumitomo Heavy Industries Ltd,6302.T,JAPAN,NIKKEI 225,JPN
Hitachi Construction Machinery Co Ltd,6305.T,JAPAN,NIKKEI 225,JPN
Kubota Corp,6326.T,JAPAN,NIKKEI 225,JPN
Ebara Corp,6361.T,JAPAN,NIKKEI 225,JPN
Daikin Industries Ltd,6367.T,JAPAN,NIKKEI 225,JPN
NSK Ltd,6471.T,JAPAN,NIKKEI 225,JPN
NTN Corp,6472.T,JAPAN,NIKKEI 225,JPN
JTEKT Corp,6473.T,JAPAN,NIKKEI 225,JPN
MINEBEA MITSUMI Inc,6479.T,JAPAN,NIKKEI 225,JPN
Hitachi Ltd,6501.T,JAPAN,NIKKEI 225,JPN
Mitsubishi Electric Corp,6503.T,JAPAN,NIKKEI 225,JPN
Fuji Electric Co Ltd,6504.T,JAPAN,NIKKEI 225,JPN
Yaskawa Electric Corp,6506.T,JAPAN,NIKKEI 225,JPN
Omron Corp,6645.T,JAPAN,NIKKEI 225,JPN
GS Yuasa Corp,6674.T,JAPAN,NIKKEI 225,JPN
NEC Corp,6701.T,JAPAN,NIKKEI 225,JPN
Fujitsu Ltd,6702.T,JAPAN,NIKKEI 225,JPN
Oki Electric Industry Co Ltd,6703.T,JAPAN,NIKKEI 225,JPN
Seiko Epson Corp,6724.T,JAPAN,NIKKEI 225,JPN
Panasonic Corp,6752.T,JAPAN,NIKKEI 225,JPN
Sony Corp,6758.T,JAPAN,NIKKEI 225,JPN
TDK Corp,6762.T,JAPAN,NIKKEI 225,JPN
Alps Alpine Co Ltd,6770.T,JAPAN,NIKKEI 225,JPN
Yokogawa Electric Corp,6841.T,JAPAN,NIKKEI 225,JPN
Advantest Corp,6857.T,JAPAN,NIKKEI 225,JPN
Denso Corp,6902.T,JAPAN,NIKKEI 225,JPN
Casio Computer Co Ltd,6952.T,JAPAN,NIKKEI 225,JPN
FANUC Corp,6954.T,JAPAN,NIKKEI 225,JPN
Kyocera Corp,6971.T,JAPAN,NIKKEI 225,JPN
Taiyo Yuden Co Ltd,6976.T,JAPAN,NIKKEI 225,JPN
Nitto Denko Corp,6988.T,JAPAN,NIKKEI 225,JPN
Mitsui E&S Holdings Co Ltd,7003.T,JAPAN,NIKKEI 225,JPN
Hitachi Zosen Corp,7004.T,JAPAN,NIKKEI 225,JPN
Mitsubishi Heavy Industries Ltd,7011.T,JAPAN,NIKKEI 225,JPN
Kawasaki Heavy Industries Ltd,7012.T,JAPAN,NIKKEI 225,JPN
IHI Corp,7013.T,JAPAN,NIKKEI 225,JPN
Concordia Financial Group Ltd,7186.T,JAPAN,NIKKEI 225,JPN
Nissan Motor Co Ltd,7201.T,JAPAN,NIKKEI 225,JPN
Isuzu Motors Ltd,7202.T,JAPAN,NIKKEI 225,JPN
Toyota Motor Corp,7203.T,JAPAN,NIKKEI 225,JPN
Hino Motors Ltd,7205.T,JAPAN,NIKKEI 225,JPN
Mitsubishi Motors Corp,7211.T,JAPAN,NIKKEI 225,JPN
Mazda Motor Corp,7261.T,JAPAN,NIKKEI 225,JPN
Honda Motor Co Ltd,7267.T,JAPAN,NIKKEI 225,JPN
Suzuki Motor Corp,7269.T,JAPAN,NIKKEI 225,JPN
Subaru Corp,7270.T,JAPAN,NIKKEI 225,JPN
Yamaha Motor Co Ltd,7272.T,JAPAN,NIKKEI 225,JPN
Nikon Corp,7731.T,JAPAN,NIKKEI 225,JPN
Olympus Corp,7733.T,JAPAN,NIKKEI 225,JPN
SCREEN Holdings Co Ltd,7735.T,JAPAN,NIKKEI 225,JPN
Canon Inc,7751.T,JAPAN,NIKKEI 225,JPN
Ricoh Co Ltd,7752.T,JAPAN,NIKKEI 225,JPN
Citizen Watch Co Ltd,7762.T,JAPAN,NIKKEI 225,JPN
Bandai Namco Holdings Inc,7832.T,JAPAN,NIKKEI 225,JPN
Toppan Printing Co Ltd,7911.T,JAPAN,NIKKEI 225,JPN
Dai Nippon Printing Co Ltd,7912.T,JAPAN,NIKKEI 225,JPN
Yamaha Corp,7951.T,JAPAN,NIKKEI 225,JPN
ITOCHU Corp,8001.T,JAPAN,NIKKEI 225,JPN
Marubeni Corp,8002.T,JAPAN,NIKKEI 225,JPN
Toyota Tsusho Corp,8015.T,JAPAN,NIKKEI 225,JPN
FamilyMart Co Ltd,8028.T,JAPAN,NIKKEI 225,JPN
Mitsui & Co Ltd,8031.T,JAPAN,NIKKEI 225,JPN
Tokyo Electron Ltd,8035.T,JAPAN,NIKKEI 225,JPN
Sumitomo Corp,8053.T,JAPAN,NIKKEI 225,JPN
Mitsubishi Corp,8058.T,JAPAN,NIKKEI 225,JPN
Takashimaya Co Ltd,8233.T,JAPAN,NIKKEI 225,JPN
Marui Group Co Ltd,8252.T,JAPAN,NIKKEI 225,JPN
Credit Saison Co Ltd,8253.T,JAPAN,NIKKEI 225,JPN
Aeon Co Ltd,8267.T,JAPAN,NIKKEI 225,JPN
Shinsei Bank Ltd,8303.T,JAPAN,NIKKEI 225,JPN
Aozora Bank Ltd,8304.T,JAPAN,NIKKEI 225,JPN
Mitsubishi UFJ Financial Group Inc,8306.T,JAPAN,NIKKEI 225,JPN
Resona Holdings Inc,8308.T,JAPAN,NIKKEI 225,JPN
Sumitomo Mitsui Trust Holdings Inc,8309.T,JAPAN,NIKKEI 225,JPN
Sumitomo Mitsui Financial Group Inc,8316.T,JAPAN,NIKKEI 225,JPN
Chiba Bank Ltd/The,8331.T,JAPAN,NIKKEI 225,JPN
Fukuoka Financial Group Inc,8354.T,JAPAN,NIKKEI 225,JPN
Shizuoka Bank Ltd/The,8355.T,JAPAN,NIKKEI 225,JPN
Mizuho Financial Group Inc,8411.T,JAPAN,NIKKEI 225,JPN
Daiwa Securities Group Inc,8601.T,JAPAN,NIKKEI 225,JPN
Nomura Holdings Inc,8604.T,JAPAN,NIKKEI 225,JPN
Matsui Securities Co Ltd,8628.T,JAPAN,NIKKEI 225,JPN
Sompo Holdings Inc,8630.T,JAPAN,NIKKEI 225,JPN
MS&AD Insurance Group Holdings Inc,8725.T,JAPAN,NIKKEI 225,JPN
Sony Financial Holdings Inc,8729.T,JAPAN,NIKKEI 225,JPN
Dai-ichi Life Holdings Inc,8750.T,JAPAN,NIKKEI 225,JPN
Tokio Marine Holdings Inc,8766.T,JAPAN,NIKKEI 225,JPN
T&D Holdings Inc,8795.T,JAPAN,NIKKEI 225,JPN
Mitsui Fudosan Co Ltd,8801.T,JAPAN,NIKKEI 225,JPN
Mitsubishi Estate Co Ltd,8802.T,JAPAN,NIKKEI 225,JPN
Tokyo Tatemono Co Ltd,8804.T,JAPAN,NIKKEI 225,JPN
Sumitomo Realty & Development Co Ltd,8830.T,JAPAN,NIKKEI 225,JPN
Tobu Railway Co Ltd,9001.T,JAPAN,NIKKEI 225,JPN
Tokyu Corp,9005.T,JAPAN,NIKKEI 225,JPN
Odakyu Electric Railway Co Ltd,9007.T,JAPAN,NIKKEI 225,JPN
Keio Corp,9008.T,JAPAN,NIKKEI 225,JPN
Keisei Electric Railway Co Ltd,9009.T,JAPAN,NIKKEI 225,JPN
East Japan Railway Co,9020.T,JAPAN,NIKKEI 225,JPN
West Japan Railway Co,9021.T,JAPAN,NIKKEI 225,JPN
Central Japan Railway Co,9022.T,JAPAN,NIKKEI 225,JPN
Nippon Express Co Ltd,9062.T,JAPAN,NIKKEI 225,JPN
Yamato Holdings Co Ltd,9064.T,JAPAN,NIKKEI 225,JPN
9101.T,9101.T,JAPAN,NIKKEI 225,JPN
Mitsui OSK Lines Ltd,9104.T,JAPAN,NIKKEI 225,JPN
Kawasaki Kisen Kaisha Ltd,9107.T,JAPAN,NIKKEI 225,JPN
ANA Holdings Inc,9202.T,JAPAN,NIKKEI 225,JPN
Mitsubishi Logistics Corp,9301.T,JAPAN,NIKKEI 225,JPN
SKY Perfect JSAT Holdings Inc,9412.T,JAPAN,NIKKEI 225,JPN
Nippon Telegraph & Telephone Corp,9432.T,JAPAN,NIKKEI 225,JPN
KDDI Corp,9433.T,JAPAN,NIKKEI 225,JPN
NTT DOCOMO Inc,9437.T,JAPAN,NIKKEI 225,JPN
Tokyo Electric Power Co Holdings Inc,9501.T,JAPAN,NIKKEI 225,JPN
Chubu Electric Power Co Inc,9502.T,JAPAN,NIKKEI 225,JPN
Kansai Electric Power Co Inc/The,9503.T,JAPAN,NIKKEI 225,JPN
Tokyo Gas Co Ltd,9531.T,JAPAN,NIKKEI 225,JPN
Osaka Gas Co Ltd,9532.T,JAPAN,NIKKEI 225,JPN
Toho Co Ltd/Tokyo,9602.T,JAPAN,NIKKEI 225,JPN
NTT Data Corp,9613.T,JAPAN,NIKKEI 225,JPN
Secom Co Ltd,9735.T,JAPAN,NIKKEI 225,JPN
Konami Holdings Corp,9766.T,JAPAN,NIKKEI 225,JPN
Fast Retailing Co Ltd,9983.T,JAPAN,NIKKEI 225,JPN
3I GRP.,III.L,GREAT BRITAIN,FTSE 100,GBR
A.B.FOOD,ABF.L,GREAT BRITAIN,FTSE 100,GBR
ADMIRAL GRP,ADM.L,GREAT BRITAIN,FTSE 100,GBR
ANGLO AMERICAN,AAL.L,GREAT BRITAIN,FTSE 100,GBR
ANTOFAGASTA,ANTO.L,GREAT BRITAIN,FTSE 100,GBR
ASHTEAD GRP.,AHT.L,GREAT BRITAIN,FTSE 100,GBR
ASTRAZENECA,AZN.L,GREAT BRITAIN,FTSE 100,GBR
AUTO TRAD,AUTO.L,GREAT BRITAIN,FTSE 100,GBR
AVEVA GRP,AVV.L,GREAT BRITAIN,FTSE 100,GBR
AVIVA,AV.L,GREAT BRITAIN,FTSE 100,GBR
BAE SYS.,BA.L,GREAT BRITAIN,FTSE 100,GBR
BARCLAYS,BARC.L,GREAT BRITAIN,FTSE 100,GBR
BARRATT DEVEL.,BDEV.L,GREAT BRITAIN,FTSE 100,GBR
BERKELEY GP.HLD,BKG.L,GREAT BRITAIN,FTSE 100,GBR
BHP GROUP,BHP.L,GREAT BRITAIN,FTSE 100,GBR
BP,BP.L,GREAT BRITAIN,FTSE 100,GBR
BR.AMER.TOB.,BATS.L,GREAT BRITAIN,FTSE 100,GBR
BR.LAND,BLND.L,GREAT BRITAIN,FTSE 100,GBR
BT GROUP,BT.L,GREAT BRITAIN,FTSE 100,GBR
BUNZL,BNZL.L,GREAT BRITAIN,FTSE 100,GBR
BURBERRY GRP,BRBY.L,GREAT BRITAIN,FTSE 100,GBR
CARNIVAL,CCL.L,GREAT BRITAIN,FTSE 100,GBR
CENTRICA,CNA.L,GREAT BRITAIN,FTSE 100,GBR
COCACOLA HBC AG,CCH.L,GREAT BRITAIN,FTSE 100,GBR
COMPASS GROUP,CPG.L,GREAT BRITAIN,FTSE 100,GBR
CRH,CRH.L,GREAT BRITAIN,FTSE 100,GBR
CRODA INTL.,CRDA.L,GREAT BRITAIN,FTSE 100,GBR
DCC,DCC.L,GREAT BRITAIN,FTSE 100,GBR
DIAGEO,DGE.L,GREAT BRITAIN,FTSE 100,GBR
EASYJET,EZJ.L,GREAT BRITAIN,FTSE 100,GBR
EVRAZ,EVR.L,GREAT BRITAIN,FTSE 100,GBR
EXPERIAN,EXPN.L,GREAT BRITAIN,FTSE 100,GBR
FERGUSON,FERG.L,GREAT BRITAIN,FTSE 100,GBR
FLUTTER ENT,FLTR.L,GREAT BRITAIN,FTSE 100,GBR
GLAXOSMITHKLINE,GSK.L,GREAT BRITAIN,FTSE 100,GBR
GLENCORE,GLEN.L,GREAT BRITAIN,FTSE 100,GBR
HALMA,HLMA.L,GREAT BRITAIN,FTSE 100,GBR
HARGREAVES LANS,HL.L,GREAT BRITAIN,FTSE 100,GBR
HIKMA,HIK.L,GREAT BRITAIN,FTSE 100,GBR
HSBC HLDGS.UK,HSBA.L,GREAT BRITAIN,FTSE 100,GBR
IMP.BRANDS,IMB.L,GREAT BRITAIN,FTSE 100,GBR
INFORMA,INF.L,GREAT BRITAIN,FTSE 100,GBR
INTERCON. HOTEL,IHG.L,GREAT BRITAIN,FTSE 100,GBR
INTERTEK GROUP,ITRK.L,GREAT BRITAIN,FTSE 100,GBR
INTL CONSOL AIR,IAG.L,GREAT BRITAIN,FTSE 100,GBR
ITV,ITV.L,GREAT BRITAIN,FTSE 100,GBR
JD SPORTS,JD.L,GREAT BRITAIN,FTSE 100,GBR
JOHNSON MATTHEY,JMAT.L,GREAT BRITAIN,FTSE 100,GBR
JUST EAT,JE.L,GREAT BRITAIN,FTSE 100,GBR
KINGFISHER,KGF.L,GREAT BRITAIN,FTSE 100,GBR
LAND SECS.,LAND.L,GREAT BRITAIN,FTSE 100,GBR
LEGAL&GEN.,LGEN.L,GREAT BRITAIN,FTSE 100,GBR
LLOYDS GRP.,LLOY.L,GREAT BRITAIN,FTSE 100,GBR
LON.STK.EXCH,LSE.L,GREAT BRITAIN,FTSE 100,GBR
M&G PLC,MNG.L,GREAT BRITAIN,FTSE 100,GBR
MEGGITT,MGGT.L,GREAT BRITAIN,FTSE 100,GBR
MELROSE IND,MRO.L,GREAT BRITAIN,FTSE 100,GBR
MONDI,MNDI.L,GREAT BRITAIN,FTSE 100,GBR
MORRISON (WM),MRW.L,GREAT BRITAIN,FTSE 100,GBR
NATIONAL GRID,NG.L,GREAT BRITAIN,FTSE 100,GBR
NEXT,NXT.L,GREAT BRITAIN,FTSE 100,GBR
NMC HEALTH,NMC.L,GREAT BRITAIN,FTSE 100,GBR
OCADO,OCDO.L,GREAT BRITAIN,FTSE 100,GBR
PEARSON,PSON.L,GREAT BRITAIN,FTSE 100,GBR
PERSIMMON,PSN.L,GREAT BRITAIN,FTSE 100,GBR
PHOENIX GRP HDG,PHNX.L,GREAT BRITAIN,FTSE 100,GBR
POLYMETAL INT,POLY.L,GREAT BRITAIN,FTSE 100,GBR
PRUDENTIAL,PRU.L,GREAT BRITAIN,FTSE 100,GBR
RDS 'A',RDSA.L,GREAT BRITAIN,FTSE 100,GBR
RDS 'B',RDSB.L,GREAT BRITAIN,FTSE 100,GBR
RECKITT BEN. GP,RB.L,GREAT BRITAIN,FTSE 100,GBR
RELX,REL.L,GREAT BRITAIN,FTSE 100,GBR
RENTOKIL INITL.,RTO.L,GREAT BRITAIN,FTSE 100,GBR
RIGHTMOVE,RMV.L,GREAT BRITAIN,FTSE 100,GBR
RIO TINTO,RIO.L,GREAT BRITAIN,FTSE 100,GBR
ROLLS-ROYCE HLG,RR.L,GREAT BRITAIN,FTSE 100,GBR
ROYAL BANK SCOT,RBS.L,GREAT BRITAIN,FTSE 100,GBR
RSA INS.,RSA.L,GREAT BRITAIN,FTSE 100,GBR
SAGE GRP.,SGE.L,GREAT BRITAIN,FTSE 100,GBR
SAINSBURY(J),SBRY.L,GREAT BRITAIN,FTSE 100,GBR
SCHRODERS,SDR.L,GREAT BRITAIN,FTSE 100,GBR
SCOTTISH MORT,SMT.L,GREAT BRITAIN,FTSE 100,GBR
SEGRO,SGRO.L,GREAT BRITAIN,FTSE 100,GBR
SEVERN TRENT,SVT.L,GREAT BRITAIN,FTSE 100,GBR
SMITH&NEPHEW,SN.L,GREAT BRITAIN,FTSE 100,GBR
SMITH(DS),SMDS.L,GREAT BRITAIN,FTSE 100,GBR
SMITHS GROUP,SMIN.L,GREAT BRITAIN,FTSE 100,GBR
SMURFIT KAP.,SKG.L,GREAT BRITAIN,FTSE 100,GBR
SPIRAX-SARCO,SPX.L,GREAT BRITAIN,FTSE 100,GBR
SSE,SSE.L,GREAT BRITAIN,FTSE 100,GBR
ST.JAMES'S PLAC,STJ.L,GREAT BRITAIN,FTSE 100,GBR
STAND.CHART.,STAN.L,GREAT BRITAIN,FTSE 100,GBR
STD LIFE ABER,SLA.L,GREAT BRITAIN,FTSE 100,GBR
TAYLOR WIMPEY,TW.L,GREAT BRITAIN,FTSE 100,GBR
TESCO,TSCO.L,GREAT BRITAIN,FTSE 100,GBR
TUI AG,TUI.L,GREAT BRITAIN,FTSE 100,GBR
UNILEVER,ULVR.L,GREAT BRITAIN,FTSE 100,GBR
UTD. UTILITIES,UU.L,GREAT BRITAIN,FTSE 100,GBR
VODAFONE GRP.,VOD.L,GREAT BRITAIN,FTSE 100,GBR
WHITBREAD,WTB.L,GREAT BRITAIN,FTSE 100,GBR
WPP,WPP.L,GREAT BRITAIN,FTSE 100,GBR
Abacus Prop Grp,ABP.AX,AUSTRALIA,S&P/ASX 200,AUS
Adelaide Brighton,ABC.AX,AUSTRALIA,S&P/ASX 200,AUS
AGL Energy,AGL.AX,AUSTRALIA,S&P/ASX 200,AUS
ALS,ALQ.AX,AUSTRALIA,S&P/ASX 200,AUS
Altium,ALU.AX,AUSTRALIA,S&P/ASX 200,AUS
Alumina,AWC.AX,AUSTRALIA,S&P/ASX 200,AUS
Amcor,AMC.AX,AUSTRALIA,S&P/ASX 200,AUS
AMP,AMP.AX,AUSTRALIA,S&P/ASX 200,AUS
Ansell,ANN.AX,AUSTRALIA,S&P/ASX 200,AUS
ANZ Banking Grp,ANZ.AX,AUSTRALIA,S&P/ASX 200,AUS
APA Grp,APA.AX,AUSTRALIA,S&P/ASX 200,AUS
APN Outdoor Grp,APO.AX,AUSTRALIA,S&P/ASX 200,AUS
ARB,ARB.AX,AUSTRALIA,S&P/ASX 200,AUS
Ardent Leisure Grp,AAD.AX,AUSTRALIA,S&P/ASX 200,AUS
Aristocrat Leisure,ALL.AX,AUSTRALIA,S&P/ASX 200,AUS
Asaleo Care,AHY.AX,AUSTRALIA,S&P/ASX 200,AUS
ASX,ASX.AX,AUSTRALIA,S&P/ASX 200,AUS
Aurizon Hldgs,AZJ.AX,AUSTRALIA,S&P/ASX 200,AUS
Ausdrill,ASL.AX,AUSTRALIA,S&P/ASX 200,AUS
AusNet Services,AST.AX,AUSTRALIA,S&P/ASX 200,AUS
Aust Pharmaceutical,API.AX,AUSTRALIA,S&P/ASX 200,AUS
Automotive Hldgs,AHG.AX,AUSTRALIA,S&P/ASX 200,AUS
Aveo Grp,AOG.AX,AUSTRALIA,S&P/ASX 200,AUS
Bank of Qld,BOQ.AX,AUSTRALIA,S&P/ASX 200,AUS
Bapcor,BAP.AX,AUSTRALIA,S&P/ASX 200,AUS
Beach Energy,BPT.AX,AUSTRALIA,S&P/ASX 200,AUS
Bega Cheese,BGA.AX,AUSTRALIA,S&P/ASX 200,AUS
Bellamys Aust,BAL.AX,AUSTRALIA,S&P/ASX 200,AUS
Bendigo&Adelaide Bk,BEN.AX,AUSTRALIA,S&P/ASX 200,AUS
BHP,BHP.AX,AUSTRALIA,S&P/ASX 200,AUS
Blackmores,BKL.AX,AUSTRALIA,S&P/ASX 200,AUS
BlueScope Steel,BSL.AX,AUSTRALIA,S&P/ASX 200,AUS
Boral,BLD.AX,AUSTRALIA,S&P/ASX 200,AUS
Brambles,BXB.AX,AUSTRALIA,S&P/ASX 200,AUS
Breville Grp,BRG.AX,AUSTRALIA,S&P/ASX 200,AUS
Brickworks,BKW.AX,AUSTRALIA,S&P/ASX 200,AUS
BT Invest Mgt,BTT.AX,AUSTRALIA,S&P/ASX 200,AUS
BWP Tr,BWP.AX,AUSTRALIA,S&P/ASX 200,AUS
Caltex Aust,CTX.AX,AUSTRALIA,S&P/ASX 200,AUS
Carsales.com,CAR.AX,AUSTRALIA,S&P/ASX 200,AUS
Challenger,CGF.AX,AUSTRALIA,S&P/ASX 200,AUS
Charter Hall Grp,CHC.AX,AUSTRALIA,S&P/ASX 200,AUS
Charter Hall Retail,CQR.AX,AUSTRALIA,S&P/ASX 200,AUS
Chorus,CNU.AX,AUSTRALIA,S&P/ASX 200,AUS
Charter Hall Long W,CLW.AX,AUSTRALIA,S&P/ASX 200,AUS
Cimic Grp,CIM.AX,AUSTRALIA,S&P/ASX 200,AUS
Cleanaway Waste,CWY.AX,AUSTRALIA,S&P/ASX 200,AUS
Coca-Cola Amatil,CCL.AX,AUSTRALIA,S&P/ASX 200,AUS
Cochlear,COH.AX,AUSTRALIA,S&P/ASX 200,AUS
C'wlth Bank of Aust,CBA.AX,AUSTRALIA,S&P/ASX 200,AUS
Computershare,CPU.AX,AUSTRALIA,S&P/ASX 200,AUS
Corporate Travel,CTD.AX,AUSTRALIA,S&P/ASX 200,AUS
Costa Grp,CGC.AX,AUSTRALIA,S&P/ASX 200,AUS
Credit Corp Grp,CCP.AX,AUSTRALIA,S&P/ASX 200,AUS
Cromwell Prop,CMW.AX,AUSTRALIA,S&P/ASX 200,AUS
Crown Resorts,CWN.AX,AUSTRALIA,S&P/ASX 200,AUS
CSL,CSL.AX,AUSTRALIA,S&P/ASX 200,AUS
CSR,CSR.AX,AUSTRALIA,S&P/ASX 200,AUS
Cybg,CYB.AX,AUSTRALIA,S&P/ASX 200,AUS
DEXUS,DXS.AX,AUSTRALIA,S&P/ASX 200,AUS
Domain Hldgs Aus,DHG.AX,AUSTRALIA,S&P/ASX 200,AUS
Domino's Pizza,DMP.AX,AUSTRALIA,S&P/ASX 200,AUS
Downer EDI,DOW.AX,AUSTRALIA,S&P/ASX 200,AUS
DuluxGroup,DLX.AX,AUSTRALIA,S&P/ASX 200,AUS
Eclipx Grp,ECX.AX,AUSTRALIA,S&P/ASX 200,AUS
Estia Health,EHE.AX,AUSTRALIA,S&P/ASX 200,AUS
Evolution Min,EVN.AX,AUSTRALIA,S&P/ASX 200,AUS
Fairfax Media,FXJ.AX,AUSTRALIA,S&P/ASX 200,AUS
Fisher & Paykel Hlth,FPH.AX,AUSTRALIA,S&P/ASX 200,AUS
Fletcher Bld,FBU.AX,AUSTRALIA,S&P/ASX 200,AUS
Flight Centre Travel,FLT.AX,AUSTRALIA,S&P/ASX 200,AUS
Fortescue Metals Grp,FMG.AX,AUSTRALIA,S&P/ASX 200,AUS
G8 Education,GEM.AX,AUSTRALIA,S&P/ASX 200,AUS
Galaxy Res,GXY.AX,AUSTRALIA,S&P/ASX 200,AUS
Gateway Lifestyle,GTY.AX,AUSTRALIA,S&P/ASX 200,AUS
Genworth Mortg Ins,GMA.AX,AUSTRALIA,S&P/ASX 200,AUS
Goodman Grp,GMG.AX,AUSTRALIA,S&P/ASX 200,AUS
GPT Grp,GPT.AX,AUSTRALIA,S&P/ASX 200,AUS
GrainCorp,GNC.AX,AUSTRALIA,S&P/ASX 200,AUS
Greencross,GXL.AX,AUSTRALIA,S&P/ASX 200,AUS
Growthpoint Prop,GOZ.AX,AUSTRALIA,S&P/ASX 200,AUS
GUD Hldgs,GUD.AX,AUSTRALIA,S&P/ASX 200,AUS
GWA Grp,GWA.AX,AUSTRALIA,S&P/ASX 200,AUS
Harvey Norman,HVN.AX,AUSTRALIA,S&P/ASX 200,AUS
Healthscope,HSO.AX,AUSTRALIA,S&P/ASX 200,AUS
Iluka Res,ILU.AX,AUSTRALIA,S&P/ASX 200,AUS
Incitec Pivot,IPL.AX,AUSTRALIA,S&P/ASX 200,AUS
Independence Grp,IGO.AX,AUSTRALIA,S&P/ASX 200,AUS
Infigen Energy,IFN.AX,AUSTRALIA,S&P/ASX 200,AUS
Insurance Aust Grp,IAG.AX,AUSTRALIA,S&P/ASX 200,AUS
Investa Office Fd,IOF.AX,AUSTRALIA,S&P/ASX 200,AUS
InvoCare,IVC.AX,AUSTRALIA,S&P/ASX 200,AUS
IOOF Hldgs,IFL.AX,AUSTRALIA,S&P/ASX 200,AUS
IPH,IPH.AX,AUSTRALIA,S&P/ASX 200,AUS
IRESS,IRE.AX,AUSTRALIA,S&P/ASX 200,AUS
Iron Mountain Inc,INM.AX,AUSTRALIA,S&P/ASX 200,AUS
James Hardie Ind,JHX.AX,AUSTRALIA,S&P/ASX 200,AUS
Janus Henderson,JHG.AX,AUSTRALIA,S&P/ASX 200,AUS
JB Hi-Fi,JBH.AX,AUSTRALIA,S&P/ASX 200,AUS
Lendlease Grp,LLC.AX,AUSTRALIA,S&P/ASX 200,AUS
Link Admin Hldg,LNK.AX,AUSTRALIA,S&P/ASX 200,AUS
Lynas,LYC.AX,AUSTRALIA,S&P/ASX 200,AUS
Macq Atlas Roads Grp,MQA.AX,AUSTRALIA,S&P/ASX 200,AUS
Macq Grp,MQG.AX,AUSTRALIA,S&P/ASX 200,AUS
Magellan Fin Grp,MFG.AX,AUSTRALIA,S&P/ASX 200,AUS
Mantra Grp,MTR.AX,AUSTRALIA,S&P/ASX 200,AUS
Mayne Pharma,MYX.AX,AUSTRALIA,S&P/ASX 200,AUS
McMillan Shakespr,MMS.AX,AUSTRALIA,S&P/ASX 200,AUS
Medibank Private,MPL.AX,AUSTRALIA,S&P/ASX 200,AUS
Metcash,MTS.AX,AUSTRALIA,S&P/ASX 200,AUS
Mineral Resources,MIN.AX,AUSTRALIA,S&P/ASX 200,AUS
Mirvac Grp,MGR.AX,AUSTRALIA,S&P/ASX 200,AUS
Monadelphous Grp,MND.AX,AUSTRALIA,S&P/ASX 200,AUS
MYOB Grp,MYO.AX,AUSTRALIA,S&P/ASX 200,AUS
Nanosonics,NAN.AX,AUSTRALIA,S&P/ASX 200,AUS
National Aust Bank,NAB.AX,AUSTRALIA,S&P/ASX 200,AUS
Natl Storage REIT,NSR.AX,AUSTRALIA,S&P/ASX 200,AUS
Navitas,NVT.AX,AUSTRALIA,S&P/ASX 200,AUS
Newcrest Min,NCM.AX,AUSTRALIA,S&P/ASX 200,AUS
News Corp,NWS.AX,AUSTRALIA,S&P/ASX 200,AUS
NEXTDC,NXT.AX,AUSTRALIA,S&P/ASX 200,AUS
NIB Hldgs,NHF.AX,AUSTRALIA,S&P/ASX 200,AUS
Nine Entertainment,NEC.AX,AUSTRALIA,S&P/ASX 200,AUS
Northern Star,NST.AX,AUSTRALIA,S&P/ASX 200,AUS
Nufarm,NUF.AX,AUSTRALIA,S&P/ASX 200,AUS
Oil Search,OSH.AX,AUSTRALIA,S&P/ASX 200,AUS
oOh! Media,OML.AX,AUSTRALIA,S&P/ASX 200,AUS
Orica,ORI.AX,AUSTRALIA,S&P/ASX 200,AUS
Origin Energy,ORG.AX,AUSTRALIA,S&P/ASX 200,AUS
Orocobre,ORE.AX,AUSTRALIA,S&P/ASX 200,AUS
Orora,ORA.AX,AUSTRALIA,S&P/ASX 200,AUS
OZ Min,OZL.AX,AUSTRALIA,S&P/ASX 200,AUS
Pact Grp Hldgs,PGH.AX,AUSTRALIA,S&P/ASX 200,AUS
Perpetual,PPT.AX,AUSTRALIA,S&P/ASX 200,AUS
Pilbara Min,PLS.AX,AUSTRALIA,S&P/ASX 200,AUS
Platinum Asset,PTM.AX,AUSTRALIA,S&P/ASX 200,AUS
Premier Invest,PMV.AX,AUSTRALIA,S&P/ASX 200,AUS
Primary Health Care,PRY.AX,AUSTRALIA,S&P/ASX 200,AUS
Qantas Airways,QAN.AX,AUSTRALIA,S&P/ASX 200,AUS
QBE Insurance Grp,QBE.AX,AUSTRALIA,S&P/ASX 200,AUS
Qube Hldgs,QUB.AX,AUSTRALIA,S&P/ASX 200,AUS
Ramsay Health Care,RHC.AX,AUSTRALIA,S&P/ASX 200,AUS
REA Grp,REA.AX,AUSTRALIA,S&P/ASX 200,AUS
Regis Res,RRL.AX,AUSTRALIA,S&P/ASX 200,AUS
Reliance Worldwide,RWC.AX,AUSTRALIA,S&P/ASX 200,AUS
ResMed Inc,RMD.AX,AUSTRALIA,S&P/ASX 200,AUS
Resolute Min,RSG.AX,AUSTRALIA,S&P/ASX 200,AUS
Retail Food Grp,RFG.AX,AUSTRALIA,S&P/ASX 200,AUS
Rio Tinto,RIO.AX,AUSTRALIA,S&P/ASX 200,AUS
Sandfire Res,SFR.AX,AUSTRALIA,S&P/ASX 200,AUS
Santos,STO.AX,AUSTRALIA,S&P/ASX 200,AUS
Saracen Min,SAR.AX,AUSTRALIA,S&P/ASX 200,AUS
SCA Prop Grp,SCP.AX,AUSTRALIA,S&P/ASX 200,AUS
Scentre Grp,SCG.AX,AUSTRALIA,S&P/ASX 200,AUS
Seek,SEK.AX,AUSTRALIA,S&P/ASX 200,AUS
Seven Grp,SVW.AX,AUSTRALIA,S&P/ASX 200,AUS
Seven West Media,SWM.AX,AUSTRALIA,S&P/ASX 200,AUS
Sigma Health,SIG.AX,AUSTRALIA,S&P/ASX 200,AUS
Sims Metal Mgmt,SGM.AX,AUSTRALIA,S&P/ASX 200,AUS
Sirtex Medical,SRX.AX,AUSTRALIA,S&P/ASX 200,AUS
SkyCity Entertain,SKC.AX,AUSTRALIA,S&P/ASX 200,AUS
Smartgrp,SIQ.AX,AUSTRALIA,S&P/ASX 200,AUS
Sonic Healthcare,SHL.AX,AUSTRALIA,S&P/ASX 200,AUS
WH Soul Pattinson,SOL.AX,AUSTRALIA,S&P/ASX 200,AUS
South32,S32.AX,AUSTRALIA,S&P/ASX 200,AUS
Spark Infrastructure,SKI.AX,AUSTRALIA,S&P/ASX 200,AUS
Spark New Zealand,SPK.AX,AUSTRALIA,S&P/ASX 200,AUS
SpeedCast Intl,SDA.AX,AUSTRALIA,S&P/ASX 200,AUS
St Barbara,SBM.AX,AUSTRALIA,S&P/ASX 200,AUS
Steadfast Grp,SDF.AX,AUSTRALIA,S&P/ASX 200,AUS
Sthn Cross Media,SXL.AX,AUSTRALIA,S&P/ASX 200,AUS
Stockland,SGP.AX,AUSTRALIA,S&P/ASX 200,AUS
Suncorp Grp,SUN.AX,AUSTRALIA,S&P/ASX 200,AUS
Super Retail Grp,SUL.AX,AUSTRALIA,S&P/ASX 200,AUS
Sydney Airport,SYD.AX,AUSTRALIA,S&P/ASX 200,AUS
Syrah Res,SYR.AX,AUSTRALIA,S&P/ASX 200,AUS
Tabcorp Hldgs,TAH.AX,AUSTRALIA,S&P/ASX 200,AUS
Tassal Grp,TGR.AX,AUSTRALIA,S&P/ASX 200,AUS
Technology One,TNE.AX,AUSTRALIA,S&P/ASX 200,AUS
Telstra Corp,TLS.AX,AUSTRALIA,S&P/ASX 200,AUS
The A2 Milk Company,A2M.AX,AUSTRALIA,S&P/ASX 200,AUS
The Star Entertain,SGR.AX,AUSTRALIA,S&P/ASX 200,AUS
TPG Telecom,TPM.AX,AUSTRALIA,S&P/ASX 200,AUS
Trade Me Grp,TME.AX,AUSTRALIA,S&P/ASX 200,AUS
Transurban Grp,TCL.AX,AUSTRALIA,S&P/ASX 200,AUS
Treasury Wine,TWE.AX,AUSTRALIA,S&P/ASX 200,AUS
Vicinity Centres,VCX.AX,AUSTRALIA,S&P/ASX 200,AUS
Viva Energy Reit,VVR.AX,AUSTRALIA,S&P/ASX 200,AUS
Vocus Grp,VOC.AX,AUSTRALIA,S&P/ASX 200,AUS
Webjet,WEB.AX,AUSTRALIA,S&P/ASX 200,AUS
Wesfarmers,WES.AX,AUSTRALIA,S&P/ASX 200,AUS
Western Areas,WSA.AX,AUSTRALIA,S&P/ASX 200,AUS
Westfield,WFD.AX,AUSTRALIA,S&P/ASX 200,AUS
Westpac Banking,WBC.AX,AUSTRALIA,S&P/ASX 200,AUS
Whitehaven Coal,WHC.AX,AUSTRALIA,S&P/ASX 200,AUS
Wisetech Global,WTC.AX,AUSTRALIA,S&P/ASX 200,AUS
Woodside Pet,WPL.AX,AUSTRALIA,S&P/ASX 200,AUS
Woolworths Grp,WOW.AX,AUSTRALIA,S&P/ASX 200,AUS
WorleyParsons,WOR.AX,AUSTRALIA,S&P/ASX 200,AUS
Xero,XRO.AX,AUSTRALIA,S&P/ASX 200,AUS
Cheung Kong (Holdings) Limited,0001.HK,HONG KONG,Hang Seng,HKG
CLP Holdings Ltd.,0002.HK,HONG KONG,Hang Seng,HKG
The Hong Kong and China Gas Company Limited,0003.HK,HONG KONG,Hang Seng,HKG
The Wharf (Holdings) Limited,0004.HK,HONG KONG,Hang Seng,HKG
HSBC Holdings plc,0005.HK,HONG KONG,Hang Seng,HKG
Power Assets Holdings Limited,0006.HK,HONG KONG,Hang Seng,HKG
Hang Seng Bank Limited,0011.HK,HONG KONG,Hang Seng,HKG
Henderson Land Development Co. Ltd.,0012.HK,HONG KONG,Hang Seng,HKG
Hutchison Whampoa Limited,0013.HK,HONG KONG,Hang Seng,HKG
Sun Hung Kai Properties Limited,0016.HK,HONG KONG,Hang Seng,HKG
New World Development Company Limited,0017.HK,HONG KONG,Hang Seng,HKG
Swire Pacific Limited,0019.HK,HONG KONG,Hang Seng,HKG
"The Bank of East Asia, Limited",0023.HK,HONG KONG,Hang Seng,HKG
Galaxy Entertainment Group Limited,0027.HK,HONG KONG,Hang Seng,HKG
MTR Corporation Limited,0066.HK,HONG KONG,Hang Seng,HKG
Sino Land Company Limited,0083.HK,HONG KONG,Hang Seng,HKG
HANG LUNG PPT,0101.HK,HONG KONG,Hang Seng,HKG
Kunlun Energy Company Limited,0135.HK,HONG KONG,Hang Seng,HKG
China Merchants Holdings (International) Company Limited,0144.HK,HONG KONG,Hang Seng,HKG
Want Want China Holdings Ltd.,0151.HK,HONG KONG,Hang Seng,HKG
CITIC Limited,0267.HK,HONG KONG,Hang Seng,HKG
China Resources Enterprise Ltd.,0291.HK,HONG KONG,Hang Seng,HKG
Cathay Pacific Airways Limited,0293.HK,HONG KONG,Hang Seng,HKG
Tingyi Cayman Islands Holding Corp.,0322.HK,HONG KONG,Hang Seng,HKG
China Petroleum & Chemical Corp.,0386.HK,HONG KONG,Hang Seng,HKG
Hong Kong Exchanges & Clearing Limited,0388.HK,HONG KONG,Hang Seng,HKG
Li & Fung Limited,0494.HK,HONG KONG,Hang Seng,HKG
China Overseas Land & Investment Ltd.,0688.HK,HONG KONG,Hang Seng,HKG
Tencent Holdings Ltd.,0700.HK,HONG KONG,Hang Seng,HKG
China Unicom (Hong Kong) Limited,0762.HK,HONG KONG,Hang Seng,HKG
Link Real Estate Investment Trust,0823.HK,HONG KONG,Hang Seng,HKG
China Resources Power Holdings Co. Ltd.,0836.HK,HONG KONG,Hang Seng,HKG
PetroChina Co. Ltd.,0857.HK,HONG KONG,Hang Seng,HKG
CNOOC Ltd.,0883.HK,HONG KONG,Hang Seng,HKG
China Construction Bank Corporation,0939.HK,HONG KONG,Hang Seng,HKG
China Mobile Limited,0941.HK,HONG KONG,Hang Seng,HKG
Lenovo Group Limited,0992.HK,HONG KONG,Hang Seng,HKG
Hengan International Group Company Limited,1044.HK,HONG KONG,Hang Seng,HKG
China Shenhua Energy Co. Ltd.,1088.HK,HONG KONG,Hang Seng,HKG
China Resources Land Limited,1109.HK,HONG KONG,Hang Seng,HKG
360 Security Technology Inc.,601360.SS,CHINA,Shanghai Composite,CHN
"AA Industrial Belting (Shanghai) Co., Ltd.",603580.SS,CHINA,Shanghai Composite,CHN
"ADD Industry(Zhejiang) CO., LTD",603089.SS,CHINA,Shanghai Composite,CHN
"Aecc Aero Science and Technology Co.,Ltd.",600391.SS,CHINA,Shanghai Composite,CHN
Aeolus Tyre Co Ltd,600469.SS,CHINA,Shanghai Composite,CHN
Aerospace Communications Holdings Co Ltd,600677.SS,CHINA,Shanghai Composite,CHN
Aerosun Corp,600501.SS,CHINA,Shanghai Composite,CHN
Agricultural Bank of China Co Ltd,601288.SS,CHINA,Shanghai Composite,CHN
Air China Ltd,601111.SS,CHINA,Shanghai Composite,CHN
"Aisino Co.,Ltd",600271.SS,CHINA,Shanghai Composite,CHN
Aluminum Corporation of China Limited,601600.SS,CHINA,Shanghai Composite,CHN
Angel Yeast Co Ltd,600298.SS,CHINA,Shanghai Composite,CHN
"Anhui Andeli Department Store Co., Ltd.",603031.SS,CHINA,Shanghai Composite,CHN
Anhui Conch Cement Co Ltd,600585.SS,CHINA,Shanghai Composite,CHN
Anhui Construction Engineering Group Corporation Limited,600502.SS,CHINA,Shanghai Composite,CHN
Anhui Expressway Co Ltd,600012.SS,CHINA,Shanghai Composite,CHN
"Anhui Genuine New Material Co., Ltd",603429.SS,CHINA,Shanghai Composite,CHN
Anhui Golden Seed Winery Co Ltd,600199.SS,CHINA,Shanghai Composite,CHN
"Anhui Gourgen Traffic Construction Co.,Ltd.",603815.SS,CHINA,Shanghai Composite,CHN
"Anhui GreatWall Military Industry Co.,Ltd.",601606.SS,CHINA,Shanghai Composite,CHN
"Anhui Guangxin Agrochemical Co.,Ltd.",603599.SS,CHINA,Shanghai Composite,CHN
Anhui Heli Co Ltd,600761.SS,CHINA,Shanghai Composite,CHN
Anhui Hengyuan Coal Industry and Electricity Power Co Ltd,600971.SS,CHINA,Shanghai Composite,CHN
Anhui Jianghuai Automobile Co Ltd,600418.SS,CHINA,Shanghai Composite,CHN
"Anhui Jiuhuashan Tourism Development Co., Ltd.",603199.SS,CHINA,Shanghai Composite,CHN
"Anhui Kouzi Distillery Co., Ltd.",603589.SS,CHINA,Shanghai Composite,CHN
Anhui Liuguo Chemical Co Ltd,600470.SS,CHINA,Shanghai Composite,CHN
"Anhui Province Natural Gas Development Co.,Ltd.",603689.SS,CHINA,Shanghai Composite,CHN
Anhui Quanchai Engine Co Ltd,600218.SS,CHINA,Shanghai Composite,CHN
Anhui Shan Ying Paper Industry Co Ltd,600567.SS,CHINA,Shanghai Composite,CHN
Anhui Sun-Create Electronics Co Ltd,600990.SS,CHINA,Shanghai Composite,CHN
Anhui Tongfeng Electronics Co Ltd,600237.SS,CHINA,Shanghai Composite,CHN
"Anhui Transport Consulting & Design Institute Co.,Ltd.",603357.SS,CHINA,Shanghai Composite,CHN
Anhui Wanwei Updated High-Tech Material Industry Co Ltd,600063.SS,CHINA,Shanghai Composite,CHN
Anhui Xinhua Media Co Ltd,601801.SS,CHINA,Shanghai Composite,CHN
"Anhui Xinli Finance Co.,Ltd.",600318.SS,CHINA,Shanghai Composite,CHN
"ANHUI YINGJIA DISTILLERY CO., LTD.",603198.SS,CHINA,Shanghai Composite,CHN
"ANHUI YINGLIU ELECTROMECHANICAL CO., LTD",603308.SS,CHINA,Shanghai Composite,CHN
"Anhui Zhongyuan New Materials Co.,Ltd.",603527.SS,CHINA,Shanghai Composite,CHN
"Anji Foodstuff Co., Ltd.",603696.SS,CHINA,Shanghai Composite,CHN
"Antong Holdings Co., Ltd.",600179.SS,CHINA,Shanghai Composite,CHN
"Anxin Trust Co., Ltd",600816.SS,CHINA,Shanghai Composite,CHN
Anyang Iron & Steel Inc,600569.SS,CHINA,Shanghai Composite,CHN
"ANYUAN COAL INDUSTRY GROUP CO., LTD.",600397.SS,CHINA,Shanghai Composite,CHN
"Anzheng Fashion Group Co.,Ltd.",603839.SS,CHINA,Shanghai Composite,CHN
"Apple Flavor & Fragrance Group Co., Ltd.",603020.SS,CHINA,Shanghai Composite,CHN
"ARGUS (SHANGHAI) TEXTILE CHEMICALS CO.,LTD.",603790.SS,CHINA,Shanghai Composite,CHN
"ARTS Group Co., Ltd",603017.SS,CHINA,Shanghai Composite,CHN
"ASIA CUANON TECHNOLOGY (SHANGHAI) CO., LTD.",603378.SS,CHINA,Shanghai Composite,CHN
"Asian Staranchor Chain Co.,Ltd.Jiangsu",601890.SS,CHINA,Shanghai Composite,CHN
"Atlantic China Welding Consumables,Inc",600558.SS,CHINA,Shanghai Composite,CHN
Aucma Co Ltd,600336.SS,CHINA,Shanghai Composite,CHN
"Aurora Optoelectronics Co., Ltd.",600666.SS,CHINA,Shanghai Composite,CHN
"Autobio Diagnostics Co., Ltd.",603658.SS,CHINA,Shanghai Composite,CHN
AVIC AVIATION ENGINE CORPORATION PLC.,600893.SS,CHINA,Shanghai Composite,CHN
"Avic Aviation High-Technology Co., Ltd.",600862.SS,CHINA,Shanghai Composite,CHN
"AVIC CAPITAL CO.,LTD.",600705.SS,CHINA,Shanghai Composite,CHN
Avic Heavy Machinery Co Ltd,600765.SS,CHINA,Shanghai Composite,CHN
"AVIC Helicopter Co.,Ltd.",600038.SS,CHINA,Shanghai Composite,CHN
AVIC SHENYANG AIRCRAFT COMPANY LIMITED,600760.SS,CHINA,Shanghai Composite,CHN
"A-Zenith Furniture Co., Ltd.",603389.SS,CHINA,Shanghai Composite,CHN
"Bafang Electric (Suzhou) Co.,Ltd.",603489.SS,CHINA,Shanghai Composite,CHN
"BAIC BluePark New Energy Technology Co.,Ltd",600733.SS,CHINA,Shanghai Composite,CHN
"Baida Group Co.,Ltd.",600865.SS,CHINA,Shanghai Composite,CHN
"Baiyin Nonferrous Group Co., Ltd.",601212.SS,CHINA,Shanghai Composite,CHN
"BanBao Co., Ltd.",603398.SS,CHINA,Shanghai Composite,CHN
Bank of Beijing Co Ltd,601169.SS,CHINA,Shanghai Composite,CHN
"BANK OF CHANGSHA CO., LTD.",601577.SS,CHINA,Shanghai Composite,CHN
"BANK OF CHENGDU CO., LTD.",601838.SS,CHINA,Shanghai Composite,CHN
Bank of China Ltd,601988.SS,CHINA,Shanghai Composite,CHN
Bank of Communications Co LTD,601328.SS,CHINA,Shanghai Composite,CHN
"Bank of Guiyang Co.,Ltd.",601997.SS,CHINA,Shanghai Composite,CHN
"BANK OF HANGZHOU CO., LTD",600926.SS,CHINA,Shanghai Composite,CHN
"Bank of Jiangsu Co., Ltd",600919.SS,CHINA,Shanghai Composite,CHN
Bank of Nanjing Co Ltd,601009.SS,CHINA,Shanghai Composite,CHN
"Bank of Shanghai Co., Ltd.",601229.SS,CHINA,Shanghai Composite,CHN
"BANK OF XI'AN CO., LTD.",600928.SS,CHINA,Shanghai Composite,CHN
Baoding Tianwei Baobian Electric Co Ltd,600550.SS,CHINA,Shanghai Composite,CHN
Baoji Titanium Industry Co Ltd,600456.SS,CHINA,Shanghai Composite,CHN
Baoshan Iron &Steel Co Ltd,600019.SS,CHINA,Shanghai Composite,CHN
Baosheng Science and Technology Innovation Co Ltd,600973.SS,CHINA,Shanghai Composite,CHN
"Baotailong New Materials Co.,Ltd",601011.SS,CHINA,Shanghai Composite,CHN
Baotou Huazi Industry Co Ltd,600191.SS,CHINA,Shanghai Composite,CHN
Baotou Tomorrow Technology Co Ltd,600091.SS,CHINA,Shanghai Composite,CHN
BBMG Corporation,601992.SS,CHINA,Shanghai Composite,CHN
Befar Group Co Ltd,601678.SS,CHINA,Shanghai Composite,CHN
Beihai Gofar Marine Biological Industry Co Ltd,600538.SS,CHINA,Shanghai Composite,CHN
"Beih-Property Co.,Ltd",600791.SS,CHINA,Shanghai Composite,CHN
Beijing Aerospace Changfeng Co Ltd,600855.SS,CHINA,Shanghai Composite,CHN
Beijing Airport High-Tech Park Co Ltd,600463.SS,CHINA,Shanghai Composite,CHN
Beijing Aritime Intelligent Control Co Ltd,600560.SS,CHINA,Shanghai Composite,CHN
"Beijing Bashi Media Co.,Ltd.",600386.SS,CHINA,Shanghai Composite,CHN
Beijing Capital Co Ltd,600008.SS,CHINA,Shanghai Composite,CHN
"Beijing Capital Development Co.,Ltd.",600376.SS,CHINA,Shanghai Composite,CHN
"Beijing Capital Retailing Group Co., Ltd.",600723.SS,CHINA,Shanghai Composite,CHN
Beijing Changjiu Logistics Corp.,603569.SS,CHINA,Shanghai Composite,CHN
"Beijing Cuiwei Tower Co., Ltd.",603123.SS,CHINA,Shanghai Composite,CHN
Beijing Dahao Technology Corporation Limited,603025.SS,CHINA,Shanghai Composite,CHN
Beijing Dalong Weiye Real Estate Development Co Ltd,600159.SS,CHINA,Shanghai Composite,CHN
Beijing Dynamic Power Co Ltd,600405.SS,CHINA,Shanghai Composite,CHN
Beijing Electronic Zone Investment and Development Co Ltd,600658.SS,CHINA,Shanghai Composite,CHN
Beijing Gehua CATV Network Co Ltd,600037.SS,CHINA,Shanghai Composite,CHN
"Beijing GeoEnviron Engineering & Technology, Inc..",603588.SS,CHINA,Shanghai Composite,CHN
"BEIJING HANJIAN HESHAN PIPELINE CO.,LTD.",603616.SS,CHINA,Shanghai Composite,CHN
Beijing Haohua Energy Resource Co Ltd,601101.SS,CHINA,Shanghai Composite,CHN
Beijing Jingcheng Machinery Electric Company Limited,600860.SS,CHINA,Shanghai Composite,CHN
"BEIJING JINGNENG POWER CO., LTD.",600578.SS,CHINA,Shanghai Composite,CHN
Beijing Jingyuntong Technology Co Ltd,601908.SS,CHINA,Shanghai Composite,CHN
"Beijing Konruns Pharmaceutical Co.,Ltd.",603590.SS,CHINA,Shanghai Composite,CHN
Beijing North Star Co Ltd,601588.SS,CHINA,Shanghai Composite,CHN
"Beijing Qianjing Landscape Co., Ltd.",603778.SS,CHINA,Shanghai Composite,CHN
Beijing Sanyuan Foods Co Ltd,600429.SS,CHINA,Shanghai Composite,CHN
Beijing Sifang Automation Co Ltd,601126.SS,CHINA,Shanghai Composite,CHN
Beijing Teamsun Technology Co Ltd,600410.SS,CHINA,Shanghai Composite,CHN
Beijing Tiantan Biological Products Co Ltd,600161.SS,CHINA,Shanghai Composite,CHN
Beijing Tongrentang Co Ltd,600085.SS,CHINA,Shanghai Composite,CHN
"Beijing Tricolor Technology Co., Ltd.",603516.SS,CHINA,Shanghai Composite,CHN
"Beijing United Information Technology Co., Ltd.",603613.SS,CHINA,Shanghai Composite,CHN
Beijing Urban Construction Investment & Development Co Ltd,600266.SS,CHINA,Shanghai Composite,CHN
"BEIJING URBAN-RURAL COMMERCIAL (GROUP) CO., LTD.",600861.SS,CHINA,Shanghai Composite,CHN
"Beijing Vantone Real Estate Co.,Ltd",600246.SS,CHINA,Shanghai Composite,CHN
"Beijing Vastdata Technology Co., Ltd.",603138.SS,CHINA,Shanghai Composite,CHN
"Beijing Wandong Medical Technology Co., Ltd.",600055.SS,CHINA,Shanghai Composite,CHN
"Beijing Xinwei Telecom Technology Group Co., Ltd.",600485.SS,CHINA,Shanghai Composite,CHN
"Beijing Yuanliu Hongyuan Electronic Technology Co., Ltd.",603267.SS,CHINA,Shanghai Composite,CHN
Beijinghualian Hypermarket Co Ltd,600361.SS,CHINA,Shanghai Composite,CHN
Beiqi Foton Motor Co Ltd,600166.SS,CHINA,Shanghai Composite,CHN
Beken Corporation,603068.SS,CHINA,Shanghai Composite,CHN
"Bestsun Energy Co., Ltd.",600681.SS,CHINA,Shanghai Composite,CHN
"Besttone Holding Co.,Ltd",600640.SS,CHINA,Shanghai Composite,CHN
"Bethel Automotive Safety Systems Co., Ltd",603596.SS,CHINA,Shanghai Composite,CHN
"BGRIMM Technology Co., Ltd.",600980.SS,CHINA,Shanghai Composite,CHN
Black Peony (Group) Co Ltd,600510.SS,CHINA,Shanghai Composite,CHN
Bluestar Adisseo Company,600299.SS,CHINA,Shanghai Composite,CHN
"Bohai Automotive Systems CO., LTD.",600960.SS,CHINA,Shanghai Composite,CHN
"Bohai Ferry Co., Ltd.",603167.SS,CHINA,Shanghai Composite,CHN
BOMESC Offshore Engineering Company Limited,603727.SS,CHINA,Shanghai Composite,CHN
"Bomin Electronics Co., Ltd.",603936.SS,CHINA,Shanghai Composite,CHN
Bright Dairy & Food Co Ltd,600597.SS,CHINA,Shanghai Composite,CHN
Bright Oceans Inter-Telecom Corp,600289.SS,CHINA,Shanghai Composite,CHN
"BRIGHT REAL ESTATE GROUP CO.,LIMITED",600708.SS,CHINA,Shanghai Composite,CHN
"Bros Eastern Co., Ltd.",601339.SS,CHINA,Shanghai Composite,CHN
"BTG Hotels (Group) Co., Ltd.",600258.SS,CHINA,Shanghai Composite,CHN
"But'one Information Corporation, Xi'an",600455.SS,CHINA,Shanghai Composite,CHN
"CAITONG SECURITIES CO.,LTD.",601108.SS,CHINA,Shanghai Composite,CHN
Camel Group Co Ltd,601311.SS,CHINA,Shanghai Composite,CHN
"Cangzhou Dahua Co.,Ltd",600230.SS,CHINA,Shanghai Composite,CHN
"Cashway Technology Co., Ltd.",603106.SS,CHINA,Shanghai Composite,CHN
"CCS Supply Chain Management Co., Ltd.",600180.SS,CHINA,Shanghai Composite,CHN
CECEP Wind-Power Corporation,601016.SS,CHINA,Shanghai Composite,CHN
"CENTER INTERNATIONAL GROUP CO.,LTD.",603098.SS,CHINA,Shanghai Composite,CHN
"CENTRAL CHINA SECURITIES CO., LTD.",601375.SS,CHINA,Shanghai Composite,CHN
"Cetc Energy Joint-Stock Co.,Ltd.",600877.SS,CHINA,Shanghai Composite,CHN
"Chahua Modern Housewares Co.,Ltd.",603615.SS,CHINA,Shanghai Composite,CHN
Chang Chun Eurasia Group Co Ltd,600697.SS,CHINA,Shanghai Composite,CHN
"Changbai Mountain Tourism Co.,Ltd",603099.SS,CHINA,Shanghai Composite,CHN
"Changchun FAWAY Automobile Components Co., Ltd",600742.SS,CHINA,Shanghai Composite,CHN
Changchun Gas Co Ltd,600333.SS,CHINA,Shanghai Composite,CHN
Changchun Jingkai (Group) Co Ltd,600215.SS,CHINA,Shanghai Composite,CHN
Changchun Sinoenergy Corporation,600856.SS,CHINA,Shanghai Composite,CHN
Changchun Yidong Clutch Co Ltd,600148.SS,CHINA,Shanghai Composite,CHN
"Changjiang & Jinggong Steel Building (Group) Co.,Ltd",600496.SS,CHINA,Shanghai Composite,CHN
"Changjiang Publishing & Media Co.,Ltd",600757.SS,CHINA,Shanghai Composite,CHN
"Changshu Automotive Trim Co., Ltd.",603035.SS,CHINA,Shanghai Composite,CHN
Changshu Fengfan Power Equipment Co Ltd,601700.SS,CHINA,Shanghai Composite,CHN
Changyuan Group Ltd.,600525.SS,CHINA,Shanghai Composite,CHN
"Changzheng Engineering Co., LTD",603698.SS,CHINA,Shanghai Composite,CHN
"Changzhou Langbo Seal Polytron Technologies Co., Ltd.",603655.SS,CHINA,Shanghai Composite,CHN
Changzhou Shenli Electrical Machine Incorporated Company,603819.SS,CHINA,Shanghai Composite,CHN
"Changzhou Tenglong Auto Parts Co.,Ltd.",603158.SS,CHINA,Shanghai Composite,CHN
Changzhou Xingyu Automotive Lighting Systems Co Ltd,601799.SS,CHINA,Shanghai Composite,CHN
Chengdu B-ray Media Co Ltd,600880.SS,CHINA,Shanghai Composite,CHN
"Chengdu Gas Group Co.,Ltd.",603053.SS,CHINA,Shanghai Composite,CHN
"CHENGDU HAONENG TECHNOLOGY CO., LTD.",603809.SS,CHINA,Shanghai Composite,CHN
Chengdu Xuguang Electronics Co Ltd,600353.SS,CHINA,Shanghai Composite,CHN
"Chengtun Mining Group Co., Ltd",600711.SS,CHINA,Shanghai Composite,CHN
"Chifeng Jilong Gold Mining Co.,Ltd.",600988.SS,CHINA,Shanghai Composite,CHN
"Chimin Health Management Co., Ltd.",603222.SS,CHINA,Shanghai Composite,CHN
"China Aerospace Times Electronics Co.,Ltd.",600879.SS,CHINA,Shanghai Composite,CHN
China Aluminum International Engineering Corporation Limited,601068.SS,CHINA,Shanghai Composite,CHN
China Animal Husbandry Industry Co Ltd,600195.SS,CHINA,Shanghai Composite,CHN
"China Automotive Engineering Research Institute Co., Ltd.",601965.SS,CHINA,Shanghai Composite,CHN
"CHINA AVIONICS SYSTEMS CO.,LTD.",600372.SS,CHINA,Shanghai Composite,CHN
"China Bester Group Telecom CO.,LTD.",603220.SS,CHINA,Shanghai Composite,CHN
"China Building Material Test & Certification Group Co.,Ltd.",603060.SS,CHINA,Shanghai Composite,CHN
China Citic Bank Corporation Limited,601998.SS,CHINA,Shanghai Composite,CHN
China Coal Energy Co Ltd,601898.SS,CHINA,Shanghai Composite,CHN
China Communications Construction Company Limited,601800.SS,CHINA,Shanghai Composite,CHN
China Construction Bank,601939.SS,CHINA,Shanghai Composite,CHN
China CSSC Holdings Limited,600150.SS,CHINA,Shanghai Composite,CHN
China CYTS Tours Holding Co Ltd,600138.SS,CHINA,Shanghai Composite,CHN
"China DesignGroupCo.,Ltd",603018.SS,CHINA,Shanghai Composite,CHN
China Eastern Airlines Corp Ltd,600115.SS,CHINA,Shanghai Composite,CHN
China Enterprise Co Ltd,600675.SS,CHINA,Shanghai Composite,CHN
China Everbright Bank Co Ltd,601818.SS,CHINA,Shanghai Composite,CHN
"CHINA FILM CO., LTD.",600977.SS,CHINA,Shanghai Composite,CHN
China First Heavy Industries Co Ltd,601106.SS,CHINA,Shanghai Composite,CHN
"China Fortune Land Development Co., Ltd.",600340.SS,CHINA,Shanghai Composite,CHN
"China Galaxy Securities Co., Ltd.",601881.SS,CHINA,Shanghai Composite,CHN
China Gezhouba Group Co Ltd,600068.SS,CHINA,Shanghai Composite,CHN
ARC Resources Ltd.,ARX.TO,CANADA,S&P/TSX,CAN
ATS Automation Tooling Systems Inc.,ATA.TO,CANADA,S&P/TSX,CAN
Aecon Group Inc.,ARE.TO,CANADA,S&P/TSX,CAN
Ag Growth International Inc.,AFN.TO,CANADA,S&P/TSX,CAN
Agnico Eagle Mines Limited,AEM.TO,CANADA,S&P/TSX,CAN
Air Canada Voting and Variable Voting Shares,AC.TO,CANADA,S&P/TSX,CAN
Alacer Gold Corp.,ASR.TO,CANADA,S&P/TSX,CAN
Alamos Gold Inc.,AGI.TO,CANADA,S&P/TSX,CAN
Alaris Royalty Corp.,AD.TO,CANADA,S&P/TSX,CAN
Algonquin Power & Utilities Corp.,AQN.TO,CANADA,S&P/TSX,CAN
AltaGas Ltd.,ALA.TO,CANADA,S&P/TSX,CAN
Altus Group Limited,AIF.TO,CANADA,S&P/TSX,CAN
Aphria Inc.,APHA.TO,CANADA,S&P/TSX,CAN
Aritzia Inc. Subordinate Voting Shares,ATZ.TO,CANADA,S&P/TSX,CAN
Aurora Cannabis Inc.,ACB.TO,CANADA,S&P/TSX,CAN
B2Gold Corp.,BTO.TO,CANADA,S&P/TSX,CAN
BCE Inc.,BCE.TO,CANADA,S&P/TSX,CAN
BRP Inc. Subordinate Voting Shares,DOO.TO,CANADA,S&P/TSX,CAN
Badger Daylighting Ltd.,BAD.TO,CANADA,S&P/TSX,CAN
Ballard Power Systems Inc.,BLDP.TO,CANADA,S&P/TSX,CAN
Bank of Montreal,BMO.TO,CANADA,S&P/TSX,CAN
Bank of Nova Scotia (The),BNS.TO,CANADA,S&P/TSX,CAN
Barrick Gold Corporation,ABX.TO,CANADA,S&P/TSX,CAN
Bausch Health Companies Inc.,BHC.TO,CANADA,S&P/TSX,CAN
Baytex Energy Corp.,BTE.TO,CANADA,S&P/TSX,CAN
BlackBerry Limited,BB.TO,CANADA,S&P/TSX,CAN
Boralex Inc. Class A Shares,BLX.TO,CANADA,S&P/TSX,CAN
Boyd Group Services Inc.,BYD.TO,CANADA,S&P/TSX,CAN
CAE Inc.,CAE.TO,CANADA,S&P/TSX,CAN
CI Financial Corp.,CIX.TO,CANADA,S&P/TSX,CAN
Cameco Corporation,CCO.TO,CANADA,S&P/TSX,CAN
Canada Goose Holdings Inc. Subordinate Voting Shares,GOOS.TO,CANADA,S&P/TSX,CAN
Canadian Imperial Bank Of Commerce,CM.TO,CANADA,S&P/TSX,CAN
Canadian National Railway Company,CNR.TO,CANADA,S&P/TSX,CAN
Canadian Natural Resources Limited,CNQ.TO,CANADA,S&P/TSX,CAN
Canadian Pacific Railway Limited,CP.TO,CANADA,S&P/TSX,CAN
Canadian Utilities Limited Class A Non-Voting Shares,CU.TO,CANADA,S&P/TSX,CAN
Canadian Western Bank,CWB.TO,CANADA,S&P/TSX,CAN
Canfor Corporation,CFP.TO,CANADA,S&P/TSX,CAN
Canopy Growth Corporation,WEED.TO,CANADA,S&P/TSX,CAN
Capital Power Corporation,CPX.TO,CANADA,S&P/TSX,CAN
Cargojet Inc. Common and Variable Voting Shares,CJT.TO,CANADA,S&P/TSX,CAN
Cascades Inc.,CAS.TO,CANADA,S&P/TSX,CAN
Celestica Inc. Subordinate Voting Shares,CLS.TO,CANADA,S&P/TSX,CAN
Cenovus Energy Inc.,CVE.TO,CANADA,S&P/TSX,CAN
Centerra Gold Inc.,CG.TO,CANADA,S&P/TSX,CAN
Chorus Aviation Inc. Voting and Variable Voting Shares,CHR.TO,CANADA,S&P/TSX,CAN
Cineplex Inc.,CGX.TO,CANADA,S&P/TSX,CAN
Cogeco Communications Inc. Subordinate Voting Shares,CCA.TO,CANADA,S&P/TSX,CAN
Colliers International Group Inc. Subordinate Voting Shares,CIGI.TO,CANADA,S&P/TSX,CAN
Constellation Software Inc.,CSU.TO,CANADA,S&P/TSX,CAN
Cott Corporation,BCB.TO,CANADA,S&P/TSX,CAN
Crescent Point Energy Corp.,CPG.TO,CANADA,S&P/TSX,CAN
Cronos Group Inc.,CRON.TO,CANADA,S&P/TSX,CAN
Descartes Systems Group Inc. (The),DSG.TO,CANADA,S&P/TSX,CAN
Detour Gold Corporation,DGC.TO,CANADA,S&P/TSX,CAN
Dollarama Inc.,DOL.TO,CANADA,S&P/TSX,CAN
ECN Capital Corp.,ECN.TO,CANADA,S&P/TSX,CAN
Eldorado Gold Corporation,ELD.TO,CANADA,S&P/TSX,CAN
Element Fleet Management Corp.,EFN.TO,CANADA,S&P/TSX,CAN
Emera Incorporated,EMA.TO,CANADA,S&P/TSX,CAN
Enbridge Inc.,ENB.TO,CANADA,S&P/TSX,CAN
Encana Corporation,ECA.TO,CANADA,S&P/TSX,CAN
Endeavour Mining Corporation Ordinary Shares,EDV.TO,CANADA,S&P/TSX,CAN
Enerflex Ltd.,EFX.TO,CANADA,S&P/TSX,CAN
Enerplus Corporation,ERF.TO,CANADA,S&P/TSX,CAN
Enghouse Systems Limited,ENGH.TO,CANADA,S&P/TSX,CAN
Equitable Group Inc.,EQB.TO,CANADA,S&P/TSX,CAN
Ero Copper Corp.,ERO.TO,CANADA,S&P/TSX,CAN
Exchange Income Corporation,EIF.TO,CANADA,S&P/TSX,CAN
Extendicare Inc.,EXE.TO,CANADA,S&P/TSX,CAN
Fairfax Financial Holdings Limited Subordinate Voting Shares,FFH.TO,CANADA,S&P/TSX,CAN
Finning International Inc.,FTT.TO,CANADA,S&P/TSX,CAN
First Majestic Silver Corp.,FR.TO,CANADA,S&P/TSX,CAN
First Quantum Minerals Ltd.,FM.TO,CANADA,S&P/TSX,CAN
FirstService Corporation,FSV.TO,CANADA,S&P/TSX,CAN
Fortis Inc.,FTS.TO,CANADA,S&P/TSX,CAN
Franco-Nevada Corporation,FNV.TO,CANADA,S&P/TSX,CAN
Freehold Royalties Ltd.,FRU.TO,CANADA,S&P/TSX,CAN
Frontera Energy Corporation,FEC.TO,CANADA,S&P/TSX,CAN
Genworth MI Canada Inc.,MIC.TO,CANADA,S&P/TSX,CAN
George Weston Limited,WN.TO,CANADA,S&P/TSX,CAN
Gibson Energy Inc.,GEI.TO,CANADA,S&P/TSX,CAN
Gildan Activewear Inc.,GIL.TO,CANADA,S&P/TSX,CAN
Great Canadian Gaming Corporation,GC.TO,CANADA,S&P/TSX,CAN
Great-West Lifeco Inc.,GWO.TO,CANADA,S&P/TSX,CAN
HEXO Corp.,HEXO.TO,CANADA,S&P/TSX,CAN
Home Capital Group Inc.,HCG.TO,CANADA,S&P/TSX,CAN
Hudbay Minerals Inc.,HBM.TO,CANADA,S&P/TSX,CAN
Hudson's Bay Company,HBC.TO,CANADA,S&P/TSX,CAN
Husky Energy Inc.,HSE.TO,CANADA,S&P/TSX,CAN
Hydro One Limited,H.TO,CANADA,S&P/TSX,CAN
IAMGOLD Corporation,IMG.TO,CANADA,S&P/TSX,CAN
IGM Financial Inc.,IGM.TO,CANADA,S&P/TSX,CAN
Imperial Oil Limited,IMO.TO,CANADA,S&P/TSX,CAN
Innergex Renewable Energy Inc.,INE.TO,CANADA,S&P/TSX,CAN
Intact Financial Corporation,IFC.TO,CANADA,S&P/TSX,CAN
Inter Pipeline Ltd.,IPL.TO,CANADA,S&P/TSX,CAN
Interfor Corporation,IFP.TO,CANADA,S&P/TSX,CAN
Intertape Polymer Group Inc.,ITP.TO,CANADA,S&P/TSX,CAN
Ivanhoe Mines Ltd.,IVN.TO,CANADA,S&P/TSX,CAN
Jamieson Wellness Inc.,JWEL.TO,CANADA,S&P/TSX,CAN
Keyera Corp.,KEY.TO,CANADA,S&P/TSX,CAN
Kinaxis Inc.,KXS.TO,CANADA,S&P/TSX,CAN
Kinross Gold Corporation,K.TO,CANADA,S&P/TSX,CAN
Kirkland Lake Gold Ltd.,KL.TO,CANADA,S&P/TSX,CAN
Knight Therapeutics Inc.,GUD.TO,CANADA,S&P/TSX,CAN
Labrador Iron Ore Royalty Corporation,LIF.TO,CANADA,S&P/TSX,CAN
Laurentian Bank of Canada,LB.TO,CANADA,S&P/TSX,CAN
Lightspeed POS Inc. Subordinate Voting Shares,LSPD.TO,CANADA,S&P/TSX,CAN
Linamar Corporation,LNR.TO,CANADA,S&P/TSX,CAN
Loblaw Companies Limited,L.TO,CANADA,S&P/TSX,CAN
Lundin Mining Corporation,LUN.TO,CANADA,S&P/TSX,CAN
MAG Silver Corp.,MAG.TO,CANADA,S&P/TSX,CAN
MEG Energy Corp.,MEG.TO,CANADA,S&P/TSX,CAN
MTY Food Group Inc.,MTY.TO,CANADA,S&P/TSX,CAN
Magna International Inc.,MG.TO,CANADA,S&P/TSX,CAN
Manulife Financial Corporation,MFC.TO,CANADA,S&P/TSX,CAN
Maple Leaf Foods Inc.,MFI.TO,CANADA,S&P/TSX,CAN
Martinrea International Inc.,MRE.TO,CANADA,S&P/TSX,CAN
Methanex Corporation,MX.TO,CANADA,S&P/TSX,CAN
Metro Inc.,MRU.TO,CANADA,S&P/TSX,CAN
Morneau Shepell Inc.,MSI.TO,CANADA,S&P/TSX,CAN
Mullen Group Ltd.,MTL.TO,CANADA,S&P/TSX,CAN
NFI Group Inc.,NFI.TO,CANADA,S&P/TSX,CAN
National Bank of Canada,NA.TO,CANADA,S&P/TSX,CAN
Norbord Inc.,OSB.TO,CANADA,S&P/TSX,CAN
Northland Power Inc.,NPI.TO,CANADA,S&P/TSX,CAN
NovaGold Resources Inc.,NG.TO,CANADA,S&P/TSX,CAN
Nutrien Ltd.,NTR.TO,CANADA,S&P/TSX,CAN
ONEX Corporation Subordinate Voting Shares,ONEX.TO,CANADA,S&P/TSX,CAN
OceanaGold Corporation,OGC.TO,CANADA,S&P/TSX,CAN
Open Text Corporation,OTEX.TO,CANADA,S&P/TSX,CAN
Osisko Gold Royalties Ltd,OR.TO,CANADA,S&P/TSX,CAN
Pan American Silver Corp.,PAAS.TO,CANADA,S&P/TSX,CAN
Parex Resources Inc.,PXT.TO,CANADA,S&P/TSX,CAN
Parkland Fuel Corporation,PKI.TO,CANADA,S&P/TSX,CAN
Pason Systems Inc.,PSI.TO,CANADA,S&P/TSX,CAN
Pembina Pipeline Corporation,PPL.TO,CANADA,S&P/TSX,CAN
Power Corporation of Canada Subordinate Voting Shares,POW.TO,CANADA,S&P/TSX,CAN
Power Financial Corporation,PWF.TO,CANADA,S&P/TSX,CAN
PrairieSky Royalty Ltd.,PSK.TO,CANADA,S&P/TSX,CAN
Premium Brands Holdings Corporation,PBH.TO,CANADA,S&P/TSX,CAN
Pretium Resources Inc.,PVG.TO,CANADA,S&P/TSX,CAN
Real Matters Inc.,REAL.TO,CANADA,S&P/TSX,CAN
Restaurant Brands International Inc.,QSR.TO,CANADA,S&P/TSX,CAN
Richelieu Hardware Ltd.,RCH.TO,CANADA,S&P/TSX,CAN
Ritchie Bros. Auctioneers Incorporated,RBA.TO,CANADA,S&P/TSX,CAN
Royal Bank of Canada,RY.TO,CANADA,S&P/TSX,CAN
Russel Metals Inc.,RUS.TO,CANADA,S&P/TSX,CAN
SNC-Lavalin Group Inc.,SNC.TO,CANADA,S&P/TSX,CAN
SSR Mining Inc.,SSRM.TO,CANADA,S&P/TSX,CAN
Sandstorm Gold Ltd.,SSL.TO,CANADA,S&P/TSX,CAN
Saputo Inc.,SAP.TO,CANADA,S&P/TSX,CAN
Seabridge Gold Inc.,SEA.TO,CANADA,S&P/TSX,CAN
Secure Energy Services Inc.,SES.TO,CANADA,S&P/TSX,CAN
Semafo Inc.,SMF.TO,CANADA,S&P/TSX,CAN
Seven Generations Energy Ltd. class A common shares,VII.TO,CANADA,S&P/TSX,CAN
ShawCor Ltd.,SCL.TO,CANADA,S&P/TSX,CAN
Shopify Inc. Class A Subordinate Voting Shares,SHOP.TO,CANADA,S&P/TSX,CAN
Sienna Senior Living Inc.,SIA.TO,CANADA,S&P/TSX,CAN
Silvercorp Metals Inc.,SVM.TO,CANADA,S&P/TSX,CAN
Sleep Country Canada Holdings Inc.,ZZZ.TO,CANADA,S&P/TSX,CAN
Spin Master Corp. Subordinate Voting Shares,TOY.TO,CANADA,S&P/TSX,CAN
Stantec Inc.,STN.TO,CANADA,S&P/TSX,CAN
Stella-Jones Inc.,SJ.TO,CANADA,S&P/TSX,CAN
Sun Life Financial Inc.,SLF.TO,CANADA,S&P/TSX,CAN
Suncor Energy Inc.,SU.TO,CANADA,S&P/TSX,CAN
Superior Plus Corp.,SPB.TO,CANADA,S&P/TSX,CAN
TC Energy Corporation,TRP.TO,CANADA,S&P/TSX,CAN
TELUS Corporation,T.TO,CANADA,S&P/TSX,CAN
TFI International Inc.,TFII.TO,CANADA,S&P/TSX,CAN
TMX Group Limited,X.TO,CANADA,S&P/TSX,CAN
The North West Company Inc.,NWC.TO,CANADA,S&P/TSX,CAN
The Stars Group Inc.,TSGI.TO,CANADA,S&P/TSX,CAN
Thomson Reuters Corporation,TRI.TO,CANADA,S&P/TSX,CAN
Torex Gold Resources Inc.,TXG.TO,CANADA,S&P/TSX,CAN
Toromont Industries Ltd.,TIH.TO,CANADA,S&P/TSX,CAN
Toronto-Dominion Bank (The),TD.TO,CANADA,S&P/TSX,CAN
Tourmaline Oil Corp.,TOU.TO,CANADA,S&P/TSX,CAN
TransAlta Corporation,TA.TO,CANADA,S&P/TSX,CAN
TransAlta Renewables Inc.,RNW.TO,CANADA,S&P/TSX,CAN
Tricon Capital Group Inc.,TCN.TO,CANADA,S&P/TSX,CAN
Vermilion Energy Inc.,VET.TO,CANADA,S&P/TSX,CAN
WSP Global Inc.,WSP.TO,CANADA,S&P/TSX,CAN
Waste Connections Inc.,WCN.TO,CANADA,S&P/TSX,CAN
Wesdome Gold Mines Ltd.,WDO.TO,CANADA,S&P/TSX,CAN
West Fraser Timber Co. Ltd.,WFT.TO,CANADA,S&P/TSX,CAN
Westshore Terminals Investment Corporation,WTE.TO,CANADA,S&P/TSX,CAN
Wheaton Precious Metals Corp.,WPM.TO,CANADA,S&P/TSX,CAN
Whitecap Resources Inc.,WCP.TO,CANADA,S&P/TSX,CAN
Winpak Ltd.,WPK.TO,CANADA,S&P/TSX,CAN
Yamana Gold Inc.,YRI.TO,CANADA,S&P/TSX,CAN
iA Financial Corporation Inc.,IAG.TO,CANADA,S&P/TSX,CAN
American Airlines Gp,AAL,UNITED STATES OF AMERICA,S&P 500,USA
Advance Auto Parts Inc,AAP,UNITED STATES OF AMERICA,S&P 500,USA
Apple Inc,AAPL,UNITED STATES OF AMERICA,S&P 500,USA
Abbvie Inc,ABBV,UNITED STATES OF AMERICA,S&P 500,USA
Amerisourcebergen Corp,ABC,UNITED STATES OF AMERICA,S&P 500,USA
Abiomed Inc,ABMD,UNITED STATES OF AMERICA,S&P 500,USA
Abbott Laboratories,ABT,UNITED STATES OF AMERICA,S&P 500,USA
Accenture Plc,ACN,UNITED STATES OF AMERICA,S&P 500,USA
Adobe Systems Inc,ADBE,UNITED STATES OF AMERICA,S&P 500,USA
Analog Devices,ADI,UNITED STATES OF AMERICA,S&P 500,USA
Archer Daniels Midland,ADM,UNITED STATES OF AMERICA,S&P 500,USA
Automatic Data Procs,ADP,UNITED STATES OF AMERICA,S&P 500,USA
Alliance Data Systems Corp,ADS,UNITED STATES OF AMERICA,S&P 500,USA
Autodesk Inc,ADSK,UNITED STATES OF AMERICA,S&P 500,USA
Ameren Corp,AEE,UNITED STATES OF AMERICA,S&P 500,USA
American Electric Power Company,AEP,UNITED STATES OF AMERICA,S&P 500,USA
The Aes Corp,AES,UNITED STATES OF AMERICA,S&P 500,USA
Aflac Incorporated,AFL,UNITED STATES OF AMERICA,S&P 500,USA
Allergan Plc,AGN,UNITED STATES OF AMERICA,S&P 500,USA
American International Group,AIG,UNITED STATES OF AMERICA,S&P 500,USA
Apartment Investment and Management,AIV,UNITED STATES OF AMERICA,S&P 500,USA
Assurant Inc,AIZ,UNITED STATES OF AMERICA,S&P 500,USA
Arthur J. Gallagher & Company,AJG,UNITED STATES OF AMERICA,S&P 500,USA
Akamai Technologies,AKAM,UNITED STATES OF AMERICA,S&P 500,USA
Albemarle Corp,ALB,UNITED STATES OF AMERICA,S&P 500,USA
Align Technology,ALGN,UNITED STATES OF AMERICA,S&P 500,USA
Alaska Air Group,ALK,UNITED STATES OF AMERICA,S&P 500,USA
Allstate Corp,ALL,UNITED STATES OF AMERICA,S&P 500,USA
Allegion Plc,ALLE,UNITED STATES OF AMERICA,S&P 500,USA
Alexion Pharm Inc,ALXN,UNITED STATES OF AMERICA,S&P 500,USA
Applied Materials,AMAT,UNITED STATES OF AMERICA,S&P 500,USA
Amcor Plc,AMCR,UNITED STATES OF AMERICA,S&P 500,USA
Adv Micro Devices,AMD,UNITED STATES OF AMERICA,S&P 500,USA
Amtek Inc,AME,UNITED STATES OF AMERICA,S&P 500,USA
Amgen Inc,AMGN,UNITED STATES OF AMERICA,S&P 500,USA
Ameriprise Financial Services,AMP,UNITED STATES OF AMERICA,S&P 500,USA
American Tower Corp,AMT,UNITED STATES OF AMERICA,S&P 500,USA
Amazon.com Inc,AMZN,UNITED STATES OF AMERICA,S&P 500,USA
Arista Networks Inc,ANET,UNITED STATES OF AMERICA,S&P 500,USA
Ansys Inc,ANSS,UNITED STATES OF AMERICA,S&P 500,USA
Anthem Inc,ANTM,UNITED STATES OF AMERICA,S&P 500,USA
AON Plc,AON,UNITED STATES OF AMERICA,S&P 500,USA
Smith [A.O.] Corp,AOS,UNITED STATES OF AMERICA,S&P 500,USA
Apache Corp,APA,UNITED STATES OF AMERICA,S&P 500,USA
Air Products and Chemicals,APD,UNITED STATES OF AMERICA,S&P 500,USA
Amphenol Corp,APH,UNITED STATES OF AMERICA,S&P 500,USA
Aptiv Plc,APTV,UNITED STATES OF AMERICA,S&P 500,USA
Alexandria Real Estate Equities,ARE,UNITED STATES OF AMERICA,S&P 500,USA
Arconic Inc,ARNC,UNITED STATES OF AMERICA,S&P 500,USA
Atmos Energy Corp,ATO,UNITED STATES OF AMERICA,S&P 500,USA
Activision Blizzard,ATVI,UNITED STATES OF AMERICA,S&P 500,USA
Avalonbay Communities,AVB,UNITED STATES OF AMERICA,S&P 500,USA
Broadcom Ltd,AVGO,UNITED STATES OF AMERICA,S&P 500,USA
Avery Dennison Corp,AVY,UNITED STATES OF AMERICA,S&P 500,USA
American Water Works,AWK,UNITED STATES OF AMERICA,S&P 500,USA
American Express Company,AXP,UNITED STATES OF AMERICA,S&P 500,USA
Autozone,AZO,UNITED STATES OF AMERICA,S&P 500,USA
Boeing Company,BA,UNITED STATES OF AMERICA,S&P 500,USA
Bank of America Corp,BAC,UNITED STATES OF AMERICA,S&P 500,USA
Baxter International Inc,BAX,UNITED STATES OF AMERICA,S&P 500,USA
Best Buy Company,BBY,UNITED STATES OF AMERICA,S&P 500,USA
Becton Dickinson and Company,BDX,UNITED STATES OF AMERICA,S&P 500,USA
Franklin Resources,BEN,UNITED STATES OF AMERICA,S&P 500,USA
Brown Forman Inc Cl B,BF.B,UNITED STATES OF AMERICA,S&P 500,USA
Biogen Inc,BIIB,UNITED STATES OF AMERICA,S&P 500,USA
Bank of New York Mellon Corp,BK,UNITED STATES OF AMERICA,S&P 500,USA
Booking Holdings Inc,BKNG,UNITED STATES OF AMERICA,S&P 500,USA
Baker Hughes A Ge Co. Cl A,BKR,UNITED STATES OF AMERICA,S&P 500,USA
Blackrock,BLK,UNITED STATES OF AMERICA,S&P 500,USA
Ball Corp,BLL,UNITED STATES OF AMERICA,S&P 500,USA
Bristol-Myers Squibb Company,BMY,UNITED STATES OF AMERICA,S&P 500,USA
Broadridge Financial Solutions Llc,BR,UNITED STATES OF AMERICA,S&P 500,USA
Berkshire Hathaway Cl B,BRK.B,UNITED STATES OF AMERICA,S&P 500,USA
Boston Scientific Corp,BSX,UNITED STATES OF AMERICA,S&P 500,USA
Borgwarner Inc,BWA,UNITED STATES OF AMERICA,S&P 500,USA
Boston Properties,BXP,UNITED STATES OF AMERICA,S&P 500,USA
Citigroup Inc,C,UNITED STATES OF AMERICA,S&P 500,USA
Conagra Brands Inc,CAG,UNITED STATES OF AMERICA,S&P 500,USA
Cardinal Health,CAH,UNITED STATES OF AMERICA,S&P 500,USA
Caterpillar Inc,CAT,UNITED STATES OF AMERICA,S&P 500,USA
Chubb Ltd,CB,UNITED STATES OF AMERICA,S&P 500,USA
CBOE Global Markets Inc,CBOE,UNITED STATES OF AMERICA,S&P 500,USA
CBRE Group Inc,CBRE,UNITED STATES OF AMERICA,S&P 500,USA
Crown Castle International Corp,CCI,UNITED STATES OF AMERICA,S&P 500,USA
Carnival Corp,CCL,UNITED STATES OF AMERICA,S&P 500,USA
Cadence Design Sys,CDNS,UNITED STATES OF AMERICA,S&P 500,USA
CDW Corp,CDW,UNITED STATES OF AMERICA,S&P 500,USA
Celanese Corp,CE,UNITED STATES OF AMERICA,S&P 500,USA
Cerner Corp,CERN,UNITED STATES OF AMERICA,S&P 500,USA
Cf Industries Holdings,CF,UNITED STATES OF AMERICA,S&P 500,USA
Citizens Financial Group Inc/Ri,CFG,UNITED STATES OF AMERICA,S&P 500,USA
Church & Dwight Company,CHD,UNITED STATES OF AMERICA,S&P 500,USA
C.H. Robinson Ww,CHRW,UNITED STATES OF AMERICA,S&P 500,USA
Charter Communicatio,CHTR,UNITED STATES OF AMERICA,S&P 500,USA
Cigna Corp,CI,UNITED STATES OF AMERICA,S&P 500,USA
Cincinnati Financial,CINF,UNITED STATES OF AMERICA,S&P 500,USA
Colgate-Palmolive Company,CL,UNITED STATES OF AMERICA,S&P 500,USA
Clorox Company,CLX,UNITED STATES OF AMERICA,S&P 500,USA
Comerica Inc,CMA,UNITED STATES OF AMERICA,S&P 500,USA
Comcast Corp A,CMCSA,UNITED STATES OF AMERICA,S&P 500,USA
CME Group Inc,CME,UNITED STATES OF AMERICA,S&P 500,USA
Chipotle Mexican Grill,CMG,UNITED STATES OF AMERICA,S&P 500,USA
Cummins Inc,CMI,UNITED STATES OF AMERICA,S&P 500,USA
Cms Energy Corp,CMS,UNITED STATES OF AMERICA,S&P 500,USA
Centene Corp,CNC,UNITED STATES OF AMERICA,S&P 500,USA
Centerpoint Energy Inc,CNP,UNITED STATES OF AMERICA,S&P 500,USA
Capital One Financial Corp,COF,UNITED STATES OF AMERICA,S&P 500,USA
Cabot Oil & Gas Corp,COG,UNITED STATES OF AMERICA,S&P 500,USA
Cooper Companies,COO,UNITED STATES OF AMERICA,S&P 500,USA
Conocophillips,COP,UNITED STATES OF AMERICA,S&P 500,USA
Costco Wholesale,COST,UNITED STATES OF AMERICA,S&P 500,USA
Coty Inc,COTY,UNITED STATES OF AMERICA,S&P 500,USA
Campbell Soup Company,CPB,UNITED STATES OF AMERICA,S&P 500,USA
Capri Holdings Ltd,CPRI,UNITED STATES OF AMERICA,S&P 500,USA
Copart Inc,CPRT,UNITED STATES OF AMERICA,S&P 500,USA
Salesforce.com Inc,CRM,UNITED STATES OF AMERICA,S&P 500,USA
Cisco Systems Inc,CSCO,UNITED STATES OF AMERICA,S&P 500,USA
CSX Corp,CSX,UNITED STATES OF AMERICA,S&P 500,USA
Cintas Corp,CTAS,UNITED STATES OF AMERICA,S&P 500,USA
Centurylink,CTL,UNITED STATES OF AMERICA,S&P 500,USA
Cognizant Tech Sol,CTSH,UNITED STATES OF AMERICA,S&P 500,USA
Corteva Inc,CTVA,UNITED STATES OF AMERICA,S&P 500,USA
Citrix Systems Inc,CTXS,UNITED STATES OF AMERICA,S&P 500,USA
CVS Corp,CVS,UNITED STATES OF AMERICA,S&P 500,USA
Chevron Corp,CVX,UNITED STATES OF AMERICA,S&P 500,USA
Concho Resources Inc,CXO,UNITED STATES OF AMERICA,S&P 500,USA
Dominion Resources,D,UNITED STATES OF AMERICA,S&P 500,USA
Delta Air Lines Inc,DAL,UNITED STATES OF AMERICA,S&P 500,USA
Du Pont De.Nemours Inc,DD,UNITED STATES OF AMERICA,S&P 500,USA
Deere & Company,DE,UNITED STATES OF AMERICA,S&P 500,USA
Discover Financial Services,DFS,UNITED STATES OF AMERICA,S&P 500,USA
Dollar General Corp,DG,UNITED STATES OF AMERICA,S&P 500,USA
Quest Diagnostics Inc,DGX,UNITED STATES OF AMERICA,S&P 500,USA
D.R. Horton,DHI,UNITED STATES OF AMERICA,S&P 500,USA
Danaher Corp,DHR,UNITED STATES OF AMERICA,S&P 500,USA
Walt Disney Company,DIS,UNITED STATES OF AMERICA,S&P 500,USA
Discovery Comm A,DISCA,UNITED STATES OF AMERICA,S&P 500,USA
Discovery Comm Inc,DISCK,UNITED STATES OF AMERICA,S&P 500,USA
Dish Network Corp,DISH,UNITED STATES OF AMERICA,S&P 500,USA
Digital Realty Trust,DLR,UNITED STATES OF AMERICA,S&P 500,USA
Dollar Tree Inc,DLTR,UNITED STATES OF AMERICA,S&P 500,USA
Dover Corp,DOV,UNITED STATES OF AMERICA,S&P 500,USA
Dow Inc,DOW,UNITED STATES OF AMERICA,S&P 500,USA
Duke Realty Corp,DRE,UNITED STATES OF AMERICA,S&P 500,USA
Darden Restaurants,DRI,UNITED STATES OF AMERICA,S&P 500,USA
Dte Energy Company,DTE,UNITED STATES OF AMERICA,S&P 500,USA
Duke Energy Corp,DUK,UNITED STATES OF AMERICA,S&P 500,USA
Davita Healthcare Partners Inc,DVA,UNITED STATES OF AMERICA,S&P 500,USA
Devon Energy Corp,DVN,UNITED STATES OF AMERICA,S&P 500,USA
Dxc Technology Company,DXC,UNITED STATES OF AMERICA,S&P 500,USA
Electronic Arts Inc,EA,UNITED STATES OF AMERICA,S&P 500,USA
Ebay Inc,EBAY,UNITED STATES OF AMERICA,S&P 500,USA
Ecolab Inc,ECL,UNITED STATES OF AMERICA,S&P 500,USA
Consolidated Edison Company of New York,ED,UNITED STATES OF AMERICA,S&P 500,USA
Equifax Inc,EFX,UNITED STATES OF AMERICA,S&P 500,USA
Edison International,EIX,UNITED STATES OF AMERICA,S&P 500,USA
Estee Lauder Companies,EL,UNITED STATES OF AMERICA,S&P 500,USA
Eastman Chemical Company,EMN,UNITED STATES OF AMERICA,S&P 500,USA
Emerson Electric Company,EMR,UNITED STATES OF AMERICA,S&P 500,USA
Eog Resources,EOG,UNITED STATES OF AMERICA,S&P 500,USA
Equinix Inc,EQIX,UNITED STATES OF AMERICA,S&P 500,USA
Equity Residential,EQR,UNITED STATES OF AMERICA,S&P 500,USA
Eversource Energy,ES,UNITED STATES OF AMERICA,S&P 500,USA
Essex Property Trust,ESS,UNITED STATES OF AMERICA,S&P 500,USA
E*Trade Finl Corp,ETFC,UNITED STATES OF AMERICA,S&P 500,USA
Eaton Corp,ETN,UNITED STATES OF AMERICA,S&P 500,USA
Entergy Corp,ETR,UNITED STATES OF AMERICA,S&P 500,USA
Evergy Inc,EVRG,UNITED STATES OF AMERICA,S&P 500,USA
Edwards Lifesciences Corp,EW,UNITED STATES OF AMERICA,S&P 500,USA
Exelon Corp,EXC,UNITED STATES OF AMERICA,S&P 500,USA
Expeditors Intl,EXPD,UNITED STATES OF AMERICA,S&P 500,USA
Expedia Group Inc,EXPE,UNITED STATES OF AMERICA,S&P 500,USA
Extra Space Storage Inc,EXR,UNITED STATES OF AMERICA,S&P 500,USA
Ford Motor Company,F,UNITED STATES OF AMERICA,S&P 500,USA
Diamondback Energy,FANG,UNITED STATES OF AMERICA,S&P 500,USA
Fastenal Company,FAST,UNITED STATES OF AMERICA,S&P 500,USA
Facebook Inc,FB,UNITED STATES OF AMERICA,S&P 500,USA
Fortune Brands Home & Security,FBHS,UNITED STATES OF AMERICA,S&P 500,USA
Freeport-Mcmoran Inc,FCX,UNITED STATES OF AMERICA,S&P 500,USA
Fedex Corp,FDX,UNITED STATES OF AMERICA,S&P 500,USA
Firstenergy Corp,FE,UNITED STATES OF AMERICA,S&P 500,USA
F5 Networks Inc,FFIV,UNITED STATES OF AMERICA,S&P 500,USA
Fidelity National Information Services,FIS,UNITED STATES OF AMERICA,S&P 500,USA
Fiserv Inc,FISV,UNITED STATES OF AMERICA,S&P 500,USA
Fifth Third Bncp,FITB,UNITED STATES OF AMERICA,S&P 500,USA
Flir Systems Inc,FLIR,UNITED STATES OF AMERICA,S&P 500,USA
Flowserve Corp,FLS,UNITED STATES OF AMERICA,S&P 500,USA
Fleetcor Technologies,FLT,UNITED STATES OF AMERICA,S&P 500,USA
FMC Corp,FMC,UNITED STATES OF AMERICA,S&P 500,USA
Fox Corp Cl B,FOX,UNITED STATES OF AMERICA,S&P 500,USA
Fox Corp Cl A,FOXA,UNITED STATES OF AMERICA,S&P 500,USA
First Republic Bank,FRC,UNITED STATES OF AMERICA,S&P 500,USA
Federal Realty Investment Trust,FRT,UNITED STATES OF AMERICA,S&P 500,USA
Technipfmc Plc,FTI,UNITED STATES OF AMERICA,S&P 500,USA
Fortinet Inc,FTNT,UNITED STATES OF AMERICA,S&P 500,USA
Fortive Corp,FTV,UNITED STATES OF AMERICA,S&P 500,USA
General Dynamics Corp,GD,UNITED STATES OF AMERICA,S&P 500,USA
General Electric Company,GE,UNITED STATES OF AMERICA,S&P 500,USA
Gilead Sciences Inc,GILD,UNITED STATES OF AMERICA,S&P 500,USA
General Mills,GIS,UNITED STATES OF AMERICA,S&P 500,USA
Globe Life Inc,GL,UNITED STATES OF AMERICA,S&P 500,USA
Corning Inc,GLW,UNITED STATES OF AMERICA,S&P 500,USA
General Motors Company,GM,UNITED STATES OF AMERICA,S&P 500,USA
Alphabet Cl C,GOOG,UNITED STATES OF AMERICA,S&P 500,USA
Alphabet Cl A,GOOGL,UNITED STATES OF AMERICA,S&P 500,USA
Genuine Parts Company,GPC,UNITED STATES OF AMERICA,S&P 500,USA
Global Payments Inc,GPN,UNITED STATES OF AMERICA,S&P 500,USA
Gap Inc,GPS,UNITED STATES OF AMERICA,S&P 500,USA
Garmin Ltd,GRMN,UNITED STATES OF AMERICA,S&P 500,USA
Goldman Sachs Group,GS,UNITED STATES OF AMERICA,S&P 500,USA
W.W. Grainger,GWW,UNITED STATES OF AMERICA,S&P 500,USA
Halliburton Company,HAL,UNITED STATES OF AMERICA,S&P 500,USA
Hasbro Inc,HAS,UNITED STATES OF AMERICA,S&P 500,USA
Huntington Bcshs,HBAN,UNITED STATES OF AMERICA,S&P 500,USA
Hanesbrands Inc,HBI,UNITED STATES OF AMERICA,S&P 500,USA
Hca Holdings Inc,HCA,UNITED STATES OF AMERICA,S&P 500,USA
Home Depot,HD,UNITED STATES OF AMERICA,S&P 500,USA
Hess Corp,HES,UNITED STATES OF AMERICA,S&P 500,USA
Hollyfrontier Corp,HFC,UNITED STATES OF AMERICA,S&P 500,USA
Hartford Financial Services Group,HIG,UNITED STATES OF AMERICA,S&P 500,USA
Huntington Ingalls Industries,HII,UNITED STATES OF AMERICA,S&P 500,USA
Hilton Inc,HLT,UNITED STATES OF AMERICA,S&P 500,USA
Harley-Davidson Inc,HOG,UNITED STATES OF AMERICA,S&P 500,USA
Hologic Inc,HOLX,UNITED STATES OF AMERICA,S&P 500,USA
Honeywell International Inc,HON,UNITED STATES OF AMERICA,S&P 500,USA
Helmerich & Payne,HP,UNITED STATES OF AMERICA,S&P 500,USA
Hewlett Packard Enterprise Comp,HPE,UNITED STATES OF AMERICA,S&P 500,USA
Hp Inc,HPQ,UNITED STATES OF AMERICA,S&P 500,USA
H&R Block,HRB,UNITED STATES OF AMERICA,S&P 500,USA
Hormel Foods Corp,HRL,UNITED STATES OF AMERICA,S&P 500,USA
Henry Schein Inc,HSIC,UNITED STATES OF AMERICA,S&P 500,USA
Host Marriott Financial Trust,HST,UNITED STATES OF AMERICA,S&P 500,USA
Hershey Foods Corp,HSY,UNITED STATES OF AMERICA,S&P 500,USA
Humana Inc,HUM,UNITED STATES OF AMERICA,S&P 500,USA
International Business Machines,IBM,UNITED STATES OF AMERICA,S&P 500,USA
Intercontinental Exchange,ICE,UNITED STATES OF AMERICA,S&P 500,USA
Idexx Laboratories,IDXX,UNITED STATES OF AMERICA,S&P 500,USA
Idex Corp,IEX,UNITED STATES OF AMERICA,S&P 500,USA
International Flavors & Fragrances,IFF,UNITED STATES OF AMERICA,S&P 500,USA
Illumina Inc,ILMN,UNITED STATES OF AMERICA,S&P 500,USA
Incyte Corp,INCY,UNITED STATES OF AMERICA,S&P 500,USA
IHS Markit Ltd,INFO,UNITED STATES OF AMERICA,S&P 500,USA
Intel Corp,INTC,UNITED STATES OF AMERICA,S&P 500,USA
Intuit Inc,INTU,UNITED STATES OF AMERICA,S&P 500,USA
International Paper Company,IP,UNITED STATES OF AMERICA,S&P 500,USA
Interpublic Group of Companies,IPG,UNITED STATES OF AMERICA,S&P 500,USA
Ipg Photonics Corp,IPGP,UNITED STATES OF AMERICA,S&P 500,USA
Iqvia Holdings Inc,IQV,UNITED STATES OF AMERICA,S&P 500,USA
Ingersoll-Rand Plc [Ireland],IR,UNITED STATES OF AMERICA,S&P 500,USA
Iron Mountain Inc,IRM,UNITED STATES OF AMERICA,S&P 500,USA
Intuitive Surg Inc,ISRG,UNITED STATES OF AMERICA,S&P 500,USA
Gartner Inc,IT,UNITED STATES OF AMERICA,S&P 500,USA
Illinois Tool Works Inc,ITW,UNITED STATES OF AMERICA,S&P 500,USA
Invesco Plc,IVZ,UNITED STATES OF AMERICA,S&P 500,USA
Jacobs Engineering Group Inc,J,UNITED STATES OF AMERICA,S&P 500,USA
J B Hunt Transport,JBHT,UNITED STATES OF AMERICA,S&P 500,USA
Johnson Controls Intl,JCI,UNITED STATES OF AMERICA,S&P 500,USA
Jack Henry & Assoc,JKHY,UNITED STATES OF AMERICA,S&P 500,USA
Johnson & Johnson,JNJ,UNITED STATES OF AMERICA,S&P 500,USA
Juniper Networks,JNPR,UNITED STATES OF AMERICA,S&P 500,USA
JP Morgan Chase & Company,JPM,UNITED STATES OF AMERICA,S&P 500,USA
Nordstrom,JWN,UNITED STATES OF AMERICA,S&P 500,USA
Kellogg Company,K,UNITED STATES OF AMERICA,S&P 500,USA
Keycorp,KEY,UNITED STATES OF AMERICA,S&P 500,USA
Keysight Technologies Inc Comm,KEYS,UNITED STATES OF AMERICA,S&P 500,USA
Kraft Heinz Company,KHC,UNITED STATES OF AMERICA,S&P 500,USA
Kimco Realty Corp,KIM,UNITED STATES OF AMERICA,S&P 500,USA
K L A-Tencor Corp,KLAC,UNITED STATES OF AMERICA,S&P 500,USA
Kimberly-Clark Corp,KMB,UNITED STATES OF AMERICA,S&P 500,USA
Kinder Morgan,KMI,UNITED STATES OF AMERICA,S&P 500,USA
Carmax Inc,KMX,UNITED STATES OF AMERICA,S&P 500,USA
Coca-Cola Company,KO,UNITED STATES OF AMERICA,S&P 500,USA
Kroger Company,KR,UNITED STATES OF AMERICA,S&P 500,USA
Kohl's Corp,KSS,UNITED STATES OF AMERICA,S&P 500,USA
Kansas City Southern,KSU,UNITED STATES OF AMERICA,S&P 500,USA
Loews Corp,L,UNITED STATES OF AMERICA,S&P 500,USA
L Brands Inc,LB,UNITED STATES OF AMERICA,S&P 500,USA
Leidos Holdings Inc,LDOS,UNITED STATES OF AMERICA,S&P 500,USA
Leggett & Platt Inc,LEG,UNITED STATES OF AMERICA,S&P 500,USA
Lennar Corp,LEN,UNITED STATES OF AMERICA,S&P 500,USA
Laboratory Corp of America Holdings,LH,UNITED STATES OF AMERICA,S&P 500,USA
L3Harris Technologies Inc,LHX,UNITED STATES OF AMERICA,S&P 500,USA
Linde Plc,LIN,UNITED STATES OF AMERICA,S&P 500,USA
LKQ Corp,LKQ,UNITED STATES OF AMERICA,S&P 500,USA
Eli Lilly and Company,LLY,UNITED STATES OF AMERICA,S&P 500,USA
Lockheed Martin Corp,LMT,UNITED STATES OF AMERICA,S&P 500,USA
Lincoln National Corp,LNC,UNITED STATES OF AMERICA,S&P 500,USA
Alliant Energy Corp,LNT,UNITED STATES OF AMERICA,S&P 500,USA
Lowe's Companies,LOW,UNITED STATES OF AMERICA,S&P 500,USA
Lam Research Corp,LRCX,UNITED STATES OF AMERICA,S&P 500,USA
Southwest Airlines Company,LUV,UNITED STATES OF AMERICA,S&P 500,USA
Las Vegas Sands,LVS,UNITED STATES OF AMERICA,S&P 500,USA
Lamb Weston Holdings Inc,LW,UNITED STATES OF AMERICA,S&P 500,USA
Lyondellbasell Industries NV,LYB,UNITED STATES OF AMERICA,S&P 500,USA
Live Nation Entertainment,LYV,UNITED STATES OF AMERICA,S&P 500,USA
Macy's Inc,M,UNITED STATES OF AMERICA,S&P 500,USA
Mastercard Inc,MA,UNITED STATES OF AMERICA,S&P 500,USA
Mid-America Apartment Communities,MAA,UNITED STATES OF AMERICA,S&P 500,USA
Marriot Int Cl A,MAR,UNITED STATES OF AMERICA,S&P 500,USA
Masco Corp,MAS,UNITED STATES OF AMERICA,S&P 500,USA
McDonald's Corp,MCD,UNITED STATES OF AMERICA,S&P 500,USA
Microchip Technology,MCHP,UNITED STATES OF AMERICA,S&P 500,USA
Mckesson Corp,MCK,UNITED STATES OF AMERICA,S&P 500,USA
Moody's Corp,MCO,UNITED STATES OF AMERICA,S&P 500,USA
Mondelez Intl Inc,MDLZ,UNITED STATES OF AMERICA,S&P 500,USA
Medtronic Inc,MDT,UNITED STATES OF AMERICA,S&P 500,USA
Metlife Inc,MET,UNITED STATES OF AMERICA,S&P 500,USA
MGM Resorts International,MGM,UNITED STATES OF AMERICA,S&P 500,USA
Mohawk Industries,MHK,UNITED STATES OF AMERICA,S&P 500,USA
Mccormick & Company Inc,MKC,UNITED STATES OF AMERICA,S&P 500,USA
Marketaxess Holdings,MKTX,UNITED STATES OF AMERICA,S&P 500,USA
Martin Marietta Materials,MLM,UNITED STATES OF AMERICA,S&P 500,USA
Marsh & Mclennan Companies,MMC,UNITED STATES OF AMERICA,S&P 500,USA
3M Company,MMM,UNITED STATES OF AMERICA,S&P 500,USA
Monster Beverage Cp,MNST,UNITED STATES OF AMERICA,S&P 500,USA
Altria Group,MO,UNITED STATES OF AMERICA,S&P 500,USA
Mosaic Company,MOS,UNITED STATES OF AMERICA,S&P 500,USA
Marathon Petroleum Corp,MPC,UNITED STATES OF AMERICA,S&P 500,USA
Merck & Company,MRK,UNITED STATES OF AMERICA,S&P 500,USA
Marathon Oil Corp,MRO,UNITED STATES OF AMERICA,S&P 500,USA
Morgan Stanley,MS,UNITED STATES OF AMERICA,S&P 500,USA
MSCI Inc,MSCI,UNITED STATES OF AMERICA,S&P 500,USA
Microsoft Corp,MSFT,UNITED STATES OF AMERICA,S&P 500,USA
Motorola Solutions,MSI,UNITED STATES OF AMERICA,S&P 500,USA
M&T Bank Corp,MTB,UNITED STATES OF AMERICA,S&P 500,USA
Mettler-Toledo International,MTD,UNITED STATES OF AMERICA,S&P 500,USA
Micron Technology,MU,UNITED STATES OF AMERICA,S&P 500,USA
Maxim Integrated,MXIM,UNITED STATES OF AMERICA,S&P 500,USA
Mylan NV Ord Shs,MYL,UNITED STATES OF AMERICA,S&P 500,USA
Noble Energy Inc,NBL,UNITED STATES OF AMERICA,S&P 500,USA
Norwegian Cruise Ord,NCLH,UNITED STATES OF AMERICA,S&P 500,USA
Nasdaq Inc,NDAQ,UNITED STATES OF AMERICA,S&P 500,USA
Nextera Energy,NEE,UNITED STATES OF AMERICA,S&P 500,USA
Newmont Mining Corp,NEM,UNITED STATES OF AMERICA,S&P 500,USA
Netflix Inc,NFLX,UNITED STATES OF AMERICA,S&P 500,USA
NiSource Inc,NI,UNITED STATES OF AMERICA,S&P 500,USA
Nike Inc,NKE,UNITED STATES OF AMERICA,S&P 500,USA
Nortonlifelock Inc.,NLOK,UNITED STATES OF AMERICA,S&P 500,USA
Nielsen Holdings Plc,NLSN,UNITED STATES OF AMERICA,S&P 500,USA
Northrop Grumman Corp,NOC,UNITED STATES OF AMERICA,S&P 500,USA
National-Oilwell,NOV,UNITED STATES OF AMERICA,S&P 500,USA
Servicenow Inc,NOW,UNITED STATES OF AMERICA,S&P 500,USA
NRG Energy,NRG,UNITED STATES OF AMERICA,S&P 500,USA
Norfolk Southern Corp,NSC,UNITED STATES OF AMERICA,S&P 500,USA
Netapp Inc,NTAP,UNITED STATES OF AMERICA,S&P 500,USA
Northern Trust Corp,NTRS,UNITED STATES OF AMERICA,S&P 500,USA
Nucor Corp,NUE,UNITED STATES OF AMERICA,S&P 500,USA
Nvidia Corp,NVDA,UNITED STATES OF AMERICA,S&P 500,USA
NVR Inc,NVR,UNITED STATES OF AMERICA,S&P 500,USA
Newell Rubbermaid Inc,NWL,UNITED STATES OF AMERICA,S&P 500,USA
News Cp Cl B,NWS,UNITED STATES OF AMERICA,S&P 500,USA
News Cp Cl A,NWSA,UNITED STATES OF AMERICA,S&P 500,USA
Realty Income Corp,O,UNITED STATES OF AMERICA,S&P 500,USA
Old Dominion Freig,ODFL,UNITED STATES OF AMERICA,S&P 500,USA
Oneok Inc,OKE,UNITED STATES OF AMERICA,S&P 500,USA
Omnicom Group Inc,OMC,UNITED STATES OF AMERICA,S&P 500,USA
Oracle Corp,ORCL,UNITED STATES OF AMERICA,S&P 500,USA
O'Reilly Automotive,ORLY,UNITED STATES OF AMERICA,S&P 500,USA
Occidental Petroleum Corp,OXY,UNITED STATES OF AMERICA,S&P 500,USA
Paycom Software Inc,PAYC,UNITED STATES OF AMERICA,S&P 500,USA
Paychex Inc,PAYX,UNITED STATES OF AMERICA,S&P 500,USA
People's United Finl,PBCT,UNITED STATES OF AMERICA,S&P 500,USA
Paccar Inc,PCAR,UNITED STATES OF AMERICA,S&P 500,USA
Healthpeak Properties Inc.,PEAK,UNITED STATES OF AMERICA,S&P 500,USA
Public Service Enterprise Group Inc,PEG,UNITED STATES OF AMERICA,S&P 500,USA
Pepsico Inc,PEP,UNITED STATES OF AMERICA,S&P 500,USA
Pfizer Inc,PFE,UNITED STATES OF AMERICA,S&P 500,USA
Principal Financial Group Inc,PFG,UNITED STATES OF AMERICA,S&P 500,USA
Procter & Gamble Company,PG,UNITED STATES OF AMERICA,S&P 500,USA
Progressive Corp,PGR,UNITED STATES OF AMERICA,S&P 500,USA
Parker-Hannifin Corp,PH,UNITED STATES OF AMERICA,S&P 500,USA
Pultegroup,PHM,UNITED STATES OF AMERICA,S&P 500,USA
Packaging Corp of America,PKG,UNITED STATES OF AMERICA,S&P 500,USA
Perkinelmer,PKI,UNITED STATES OF AMERICA,S&P 500,USA
Prologis Inc,PLD,UNITED STATES OF AMERICA,S&P 500,USA
Philip Morris International Inc,PM,UNITED STATES OF AMERICA,S&P 500,USA
PNC Bank,PNC,UNITED STATES OF AMERICA,S&P 500,USA
Pentair Ltd,PNR,UNITED STATES OF AMERICA,S&P 500,USA
Pinnacle West Capital Corp,PNW,UNITED STATES OF AMERICA,S&P 500,USA
PPG Industries,PPG,UNITED STATES OF AMERICA,S&P 500,USA
PPL Corp,PPL,UNITED STATES OF AMERICA,S&P 500,USA
Perrigo Company,PRGO,UNITED STATES OF AMERICA,S&P 500,USA
Prudential Financial Inc,PRU,UNITED STATES OF AMERICA,S&P 500,USA
Public Storage,PSA,UNITED STATES OF AMERICA,S&P 500,USA
Phillips 66,PSX,UNITED STATES OF AMERICA,S&P 500,USA
Phillips-Van Heusen Corp,PVH,UNITED STATES OF AMERICA,S&P 500,USA
Quanta Services,PWR,UNITED STATES OF AMERICA,S&P 500,USA
Pioneer Natural Resources Company,PXD,UNITED STATES OF AMERICA,S&P 500,USA
Paypal Holdings,PYPL,UNITED STATES OF AMERICA,S&P 500,USA
Qualcomm Inc,QCOM,UNITED STATES OF AMERICA,S&P 500,USA
Qorvo Inc,QRVO,UNITED STATES OF AMERICA,S&P 500,USA
Royal Caribbean Cruises Ltd,RCL,UNITED STATES OF AMERICA,S&P 500,USA
Everest Re Group,RE,UNITED STATES OF AMERICA,S&P 500,USA
Regency Centers Corp,REG,UNITED STATES OF AMERICA,S&P 500,USA
Regeneron Pharmaceuticals,REGN,UNITED STATES OF AMERICA,S&P 500,USA
Regions Financial Corp,RF,UNITED STATES OF AMERICA,S&P 500,USA
Robert Half International Inc,RHI,UNITED STATES OF AMERICA,S&P 500,USA
Raymond James Financial,RJF,UNITED STATES OF AMERICA,S&P 500,USA
Ralph Lauren Corp,RL,UNITED STATES OF AMERICA,S&P 500,USA
Resmed Inc,RMD,UNITED STATES OF AMERICA,S&P 500,USA
Rockwell Automation Inc,ROK,UNITED STATES OF AMERICA,S&P 500,USA
Rollins Inc,ROL,UNITED STATES OF AMERICA,S&P 500,USA
Roper Industries,ROP,UNITED STATES OF AMERICA,S&P 500,USA
Ross Stores Inc,ROST,UNITED STATES OF AMERICA,S&P 500,USA
Republic Services,RSG,UNITED STATES OF AMERICA,S&P 500,USA
Raytheon Company,RTN,UNITED STATES OF AMERICA,S&P 500,USA
SBA Communications,SBAC,UNITED STATES OF AMERICA,S&P 500,USA
Starbucks Corp,SBUX,UNITED STATES OF AMERICA,S&P 500,USA
The Charles Schwab Corp,SCHW,UNITED STATES OF AMERICA,S&P 500,USA
Sealed Air Corp,SEE,UNITED STATES OF AMERICA,S&P 500,USA
Sherwin-Williams Company,SHW,UNITED STATES OF AMERICA,S&P 500,USA
Svb Financial Group,SIVB,UNITED STATES OF AMERICA,S&P 500,USA
J.M. Smucker Company,SJM,UNITED STATES OF AMERICA,S&P 500,USA
Schlumberger N.V.,SLB,UNITED STATES OF AMERICA,S&P 500,USA
SL Green Realty Corp,SLG,UNITED STATES OF AMERICA,S&P 500,USA
Snap-On Inc,SNA,UNITED STATES OF AMERICA,S&P 500,USA
Synopsys Inc,SNPS,UNITED STATES OF AMERICA,S&P 500,USA
Southern Company,SO,UNITED STATES OF AMERICA,S&P 500,USA
Simon Property Group,SPG,UNITED STATES OF AMERICA,S&P 500,USA
S&P Global Inc,SPGI,UNITED STATES OF AMERICA,S&P 500,USA
Sempra Energy,SRE,UNITED STATES OF AMERICA,S&P 500,USA
Steris Corp,STE,UNITED STATES OF AMERICA,S&P 500,USA
State Street Corp,STT,UNITED STATES OF AMERICA,S&P 500,USA
Seagate Tech Ord Shs,STX,UNITED STATES OF AMERICA,S&P 500,USA
Constellation Brands Inc,STZ,UNITED STATES OF AMERICA,S&P 500,USA
Stanley Black & Decker Inc,SWK,UNITED STATES OF AMERICA,S&P 500,USA
Skyworks Solutions,SWKS,UNITED STATES OF AMERICA,S&P 500,USA
Synchrony Financial,SYF,UNITED STATES OF AMERICA,S&P 500,USA
Stryker Corp,SYK,UNITED STATES OF AMERICA,S&P 500,USA
Sysco Corp,SYY,UNITED STATES OF AMERICA,S&P 500,USA
AT&T Inc,T,UNITED STATES OF AMERICA,S&P 500,USA
Molson Coors Brewing Company,TAP,UNITED STATES OF AMERICA,S&P 500,USA
Transdigm Group Inc,TDG,UNITED STATES OF AMERICA,S&P 500,USA
Te Connectivity Ltd,TEL,UNITED STATES OF AMERICA,S&P 500,USA
Truist Financial Corp.,TFC,UNITED STATES OF AMERICA,S&P 500,USA
Teleflex Inc,TFX,UNITED STATES OF AMERICA,S&P 500,USA
Target Corp,TGT,UNITED STATES OF AMERICA,S&P 500,USA
Tiffany & Company,TIF,UNITED STATES OF AMERICA,S&P 500,USA
TJX Companies,TJX,UNITED STATES OF AMERICA,S&P 500,USA
Thermo Fisher Scientific Inc,TMO,UNITED STATES OF AMERICA,S&P 500,USA
T-Mobile US,TMUS,UNITED STATES OF AMERICA,S&P 500,USA
Tapestry Inc,TPR,UNITED STATES OF AMERICA,S&P 500,USA
T Rowe Price Group,TROW,UNITED STATES OF AMERICA,S&P 500,USA
The Travelers Companies Inc,TRV,UNITED STATES OF AMERICA,S&P 500,USA
Tractor Supply Company,TSCO,UNITED STATES OF AMERICA,S&P 500,USA
Tyson Foods,TSN,UNITED STATES OF AMERICA,S&P 500,USA
Take-Two Interacti,TTWO,UNITED STATES OF AMERICA,S&P 500,USA
Twitter Inc,TWTR,UNITED STATES OF AMERICA,S&P 500,USA
Texas Instruments,TXN,UNITED STATES OF AMERICA,S&P 500,USA
Textron Inc,TXT,UNITED STATES OF AMERICA,S&P 500,USA
Under Armour Inc Cl C,UA,UNITED STATES OF AMERICA,S&P 500,USA
Under Armour,UAA,UNITED STATES OF AMERICA,S&P 500,USA
United Continental Holdings,UAL,UNITED STATES OF AMERICA,S&P 500,USA
United Dominion Realty Trust,UDR,UNITED STATES OF AMERICA,S&P 500,USA
Universal Health Services,UHS,UNITED STATES OF AMERICA,S&P 500,USA
Ulta Beauty Inc,ULTA,UNITED STATES OF AMERICA,S&P 500,USA
Unitedhealth Group Inc,UNH,UNITED STATES OF AMERICA,S&P 500,USA
Unumprovident Corp,UNM,UNITED STATES OF AMERICA,S&P 500,USA
Union Pacific Corp,UNP,UNITED STATES OF AMERICA,S&P 500,USA
United Parcel Service,UPS,UNITED STATES OF AMERICA,S&P 500,USA
United Rentals,URI,UNITED STATES OF AMERICA,S&P 500,USA
U.S. Bancorp,USB,UNITED STATES OF AMERICA,S&P 500,USA
United Technologies Corp,UTX,UNITED STATES OF AMERICA,S&P 500,USA
Visa Inc,V,UNITED STATES OF AMERICA,S&P 500,USA
Varian Medical Systems,VAR,UNITED STATES OF AMERICA,S&P 500,USA
V.F. Corp,VFC,UNITED STATES OF AMERICA,S&P 500,USA
Viacomcbs Inc. Cl B,VIAC,UNITED STATES OF AMERICA,S&P 500,USA
Valero Energy Corp,VLO,UNITED STATES OF AMERICA,S&P 500,USA
Vulcan Materials Company,VMC,UNITED STATES OF AMERICA,S&P 500,USA
Vornado Realty Trust,VNO,UNITED STATES OF AMERICA,S&P 500,USA
Verisk Analytics Inc,VRSK,UNITED STATES OF AMERICA,S&P 500,USA
Verisign Inc,VRSN,UNITED STATES OF AMERICA,S&P 500,USA
Vertex Pharmaceutic,VRTX,UNITED STATES OF AMERICA,S&P 500,USA
Ventas Inc,VTR,UNITED STATES OF AMERICA,S&P 500,USA
Verizon Communications Inc,VZ,UNITED STATES OF AMERICA,S&P 500,USA
Wabtec Corp,WAB,UNITED STATES OF AMERICA,S&P 500,USA
Waters Corp,WAT,UNITED STATES OF AMERICA,S&P 500,USA
Walgreens Boots Alliance,WBA,UNITED STATES OF AMERICA,S&P 500,USA
Western Digital Cp,WDC,UNITED STATES OF AMERICA,S&P 500,USA
Wisconsin Energy Corp,WEC,UNITED STATES OF AMERICA,S&P 500,USA
Welltower Inc,WELL,UNITED STATES OF AMERICA,S&P 500,USA
Wells Fargo & Company,WFC,UNITED STATES OF AMERICA,S&P 500,USA
Whirlpool Corp,WHR,UNITED STATES OF AMERICA,S&P 500,USA
Willis Towers WT,WLTW,UNITED STATES OF AMERICA,S&P 500,USA
Waste Management,WM,UNITED STATES OF AMERICA,S&P 500,USA
Williams Companies,WMB,UNITED STATES OF AMERICA,S&P 500,USA
Wal-Mart Stores,WMT,UNITED STATES OF AMERICA,S&P 500,USA
W.R. Berkley Corp,WRB,UNITED STATES OF AMERICA,S&P 500,USA
Westrock Company,WRK,UNITED STATES OF AMERICA,S&P 500,USA
Western Union Company,WU,UNITED STATES OF AMERICA,S&P 500,USA
Weyerhaeuser Company,WY,UNITED STATES OF AMERICA,S&P 500,USA
Wynn Resorts Ltd,WYNN,UNITED STATES OF AMERICA,S&P 500,USA
Cimarex Energy Company,XEC,UNITED STATES OF AMERICA,S&P 500,USA
XCEL Energy Inc,XEL,UNITED STATES OF AMERICA,S&P 500,USA
Xilinx Inc,XLNX,UNITED STATES OF AMERICA,S&P 500,USA
Exxon Mobil Corp,XOM,UNITED STATES OF AMERICA,S&P 500,USA
Dentsply Sirona Inc,XRAY,UNITED STATES OF AMERICA,S&P 500,USA
Xerox Corp,XRX,UNITED STATES OF AMERICA,S&P 500,USA
Xylem Inc,XYL,UNITED STATES OF AMERICA,S&P 500,USA
Yum! Brands,YUM,UNITED STATES OF AMERICA,S&P 500,USA
Zimmer Biomet Holdings,ZBH,UNITED STATES OF AMERICA,S&P 500,USA
Zebra Technologies,ZBRA,UNITED STATES OF AMERICA,S&P 500,USA
Zions Bancorp,ZION,UNITED STATES OF AMERICA,S&P 500,USA
Zoetis Inc Cl A,ZTS,UNITED STATES OF AMERICA,S&P 500,USA
Covestro AG ,1COV.DB,GERMANY,DAX,DEU
adidas AG ,ADS.DB,GERMANY,DAX,DEU
Allianz SE ,ALV.DB,GERMANY,DAX,DEU
BASF SE ,BAS.DB,GERMANY,DAX,DEU
Bayer AG ,BAYN.DB,GERMANY,DAX,DEU
Beiersdorf AG ,BEI.DB,GERMANY,DAX,DEU
Bayerische Motoren Werke AG ,BMW.DB,GERMANY,DAX,DEU
Continental AG ,CON.DB,GERMANY,DAX,DEU
Daimler AG ,DAI.DB,GERMANY,DAX,DEU
Deutsche Boerse AG ,DB1.DB,GERMANY,DAX,DEU
Deutsche Bank AG ,DBK.DB,GERMANY,DAX,DEU
Deutsche Post AG ,DPW.DB,GERMANY,DAX,DEU
Deutsche Telekom AG ,DTE.DB,GERMANY,DAX,DEU
E.ON SE ,EOAN.DB,GERMANY,DAX,DEU
Fresenius Medical Care AG & CO KGaA ,FME.DB,GERMANY,DAX,DEU
Fresenius SE &Co KGaA ,FRE.DB,GERMANY,DAX,DEU
HeidelbergCement AG ,HEI.DB,GERMANY,DAX,DEU
Henkel AG & Co KGaA ,HEN3.DB,GERMANY,DAX,DEU
Infineon Technologies AG ,IFX.DB,GERMANY,DAX,DEU
Deutsche Lufthansa AG ,LHA.DB,GERMANY,DAX,DEU
Linde PLC ,LIN.DB,GERMANY,DAX,DEU
Merck KGaA ,MRK.DB,GERMANY,DAX,DEU
MTU Aero Engines AG ,MTX.DB,GERMANY,DAX,DEU
Muenchener Rueckversicherungs-Gesellschaft AG in Muenchen ,MUV2.DB,GERMANY,DAX,DEU
RWE AG ,RWE.DB,GERMANY,DAX,DEU
SAP SE ,SAP.DB,GERMANY,DAX,DEU
Siemens AG ,SIE.DB,GERMANY,DAX,DEU
Vonovia SE ,VNA.DB,GERMANY,DAX,DEU
Volkswagen AG ,VOW3.DB,GERMANY,DAX,DEU
Wirecard AG ,WDI.DB,GERMANY,DAX,DEU
Adani Ports and Special Economic Zone Ltd.,ADANIPORTS.BO,INDIA,Nifty 50,IND
Asian Paints Ltd.,ASIANPAINT.BO,INDIA,Nifty 50,IND
Axis Bank Ltd.,AXISBANK.BO,INDIA,Nifty 50,IND
Bajaj Auto Ltd.,BAJAJ-AUTO.BO,INDIA,Nifty 50,IND
Bajaj Finance Ltd.,BAJFINANCE.BO,INDIA,Nifty 50,IND
Bajaj Finserv Ltd.,BAJAJFINSV.BO,INDIA,Nifty 50,IND
Bharat Petroleum Corporation Ltd.,BPCL.BO,INDIA,Nifty 50,IND
Bharti Airtel Ltd.,BHARTIARTL.BO,INDIA,Nifty 50,IND
Bharti Infratel Ltd.,INFRATEL.BO,INDIA,Nifty 50,IND
Britannia Industries Ltd.,BRITANNIA.BO,INDIA,Nifty 50,IND
Cipla Ltd.,CIPLA.BO,INDIA,Nifty 50,IND
Coal India Ltd.,COALINDIA.BO,INDIA,Nifty 50,IND
Dr. Reddy's Laboratories Ltd.,DRREDDY.BO,INDIA,Nifty 50,IND
Eicher Motors Ltd.,EICHERMOT.BO,INDIA,Nifty 50,IND
GAIL (India) Ltd.,GAIL.BO,INDIA,Nifty 50,IND
Grasim Industries Ltd.,GRASIM.BO,INDIA,Nifty 50,IND
HCL Technologies Ltd.,HCLTECH.BO,INDIA,Nifty 50,IND
HDFC Bank Ltd.,HDFCBANK.BO,INDIA,Nifty 50,IND
Hero MotoCorp Ltd.,HEROMOTOCO.BO,INDIA,Nifty 50,IND
Hindalco Industries Ltd.,HINDALCO.BO,INDIA,Nifty 50,IND
Hindustan Unilever Ltd.,HINDUNILVR.BO,INDIA,Nifty 50,IND
Housing Development Finance Corporation Ltd.,HDFC.BO,INDIA,Nifty 50,IND
ICICI Bank Ltd.,ICICIBANK.BO,INDIA,Nifty 50,IND
ITC Ltd.,ITC.BO,INDIA,Nifty 50,IND
Indian Oil Corporation Ltd.,IOC.BO,INDIA,Nifty 50,IND
IndusInd Bank Ltd.,INDUSINDBK.BO,INDIA,Nifty 50,IND
Infosys Ltd.,INFY.BO,INDIA,Nifty 50,IND
JSW Steel Ltd.,JSWSTEEL.BO,INDIA,Nifty 50,IND
Kotak Mahindra Bank Ltd.,KOTAKBANK.BO,INDIA,Nifty 50,IND
Larsen & Toubro Ltd.,LT.BO,INDIA,Nifty 50,IND
Mahindra & Mahindra Ltd.,M&M.BO,INDIA,Nifty 50,IND
Maruti Suzuki India Ltd.,MARUTI.BO,INDIA,Nifty 50,IND
NTPC Ltd.,NTPC.BO,INDIA,Nifty 50,IND
Nestle India Ltd.,NESTLEIND.BO,INDIA,Nifty 50,IND
Oil & Natural Gas Corporation Ltd.,ONGC.BO,INDIA,Nifty 50,IND
Power Grid Corporation of India Ltd.,POWERGRID.BO,INDIA,Nifty 50,IND
Reliance Industries Ltd.,RELIANCE.BO,INDIA,Nifty 50,IND
State Bank of India,SBIN.BO,INDIA,Nifty 50,IND
Sun Pharmaceutical Industries Ltd.,SUNPHARMA.BO,INDIA,Nifty 50,IND
Tata Consultancy Services Ltd.,TCS.BO,INDIA,Nifty 50,IND
Tata Motors Ltd.,TATAMOTORS.BO,INDIA,Nifty 50,IND
Tata Steel Ltd.,TATASTEEL.BO,INDIA,Nifty 50,IND
Tech Mahindra Ltd.,TECHM.BO,INDIA,Nifty 50,IND
Titan Company Ltd.,TITAN.BO,INDIA,Nifty 50,IND
UPL Ltd.,UPL.BO,INDIA,Nifty 50,IND
UltraTech Cement Ltd.,ULTRACEMCO.BO,INDIA,Nifty 50,IND
Vedanta Ltd.,VEDL.BO,INDIA,Nifty 50,IND
Wipro Ltd.,WIPRO.BO,INDIA,Nifty 50,IND
Yes Bank Ltd.,YESBANK.BO,INDIA,Nifty 50,IND
Zee Entertainment Enterprises Ltd.,ZEEL.BO,INDIA,Nifty 50,IND
Accor,AC.PA,FRANCE,CAC 40,FRA
Air Liquide,AI.PA,FRANCE,CAC 40,FRA
Airbus SE,AIR.PA,FRANCE,CAC 40,FRA
ArcelorMittal SA,MT.PA,FRANCE,CAC 40,FRA
Atos,ATO.PA,FRANCE,CAC 40,FRA
AXA,CS.PA,FRANCE,CAC 40,FRA
BNP Paribas,BNP.PA,FRANCE,CAC 40,FRA
Bouygues,EN.PA,FRANCE,CAC 40,FRA
Capgemini,CAP.PA,FRANCE,CAC 40,FRA
Carrefour,CA.PA,FRANCE,CAC 40,FRA
Credit Agricole,ACA.PA,FRANCE,CAC 40,FRA
Danone,BN.PA,FRANCE,CAC 40,FRA
Dassault Systemes,DSY.PA,FRANCE,CAC 40,FRA
ENGIE,ENGI.PA,FRANCE,CAC 40,FRA
Essilorluxottica,EL.PA,FRANCE,CAC 40,FRA
Hermes International,RMS.PA,FRANCE,CAC 40,FRA
Kering,KER.PA,FRANCE,CAC 40,FRA
L'Oreal,OR.PA,FRANCE,CAC 40,FRA
Legrand SA,LR.PA,FRANCE,CAC 40,FRA
LVMH,MC.PA,FRANCE,CAC 40,FRA
Michelin,ML.PA,FRANCE,CAC 40,FRA
Orange.,ORA.PA,FRANCE,CAC 40,FRA
Pernod Ricard,RI.PA,FRANCE,CAC 40,FRA
Peugeot,UG.PA,FRANCE,CAC 40,FRA
Publicis Groupe Sa,PUB.PA,FRANCE,CAC 40,FRA
Renault,RNO.PA,FRANCE,CAC 40,FRA
Safran,SAF.PA,FRANCE,CAC 40,FRA
Saint Gobain,SGO.PA,FRANCE,CAC 40,FRA
Sanofi,SAN.PA,FRANCE,CAC 40,FRA
Schneider Electric,SU.PA,FRANCE,CAC 40,FRA
Societe Generale S.A.,GLE.PA,FRANCE,CAC 40,FRA
Sodexo,SW.PA,FRANCE,CAC 40,FRA
ST Microelectronics,STM.PA,FRANCE,CAC 40,FRA
TECHNIPFMC,FTI.PA,FRANCE,CAC 40,FRA
Total,FP.PA,FRANCE,CAC 40,FRA
Unibail-Rodamco,UL.PA,FRANCE,CAC 40,FRA
Valeo,FR.PA,FRANCE,CAC 40,FRA
Veolia Environnement,VIE.PA,FRANCE,CAC 40,FRA
Vinci,DG.PA,FRANCE,CAC 40,FRA
Vivendi,VIV.PA,FRANCE,CAC 40,FRA
